{"Day": {"mean": 115.5, "std": 66.39465339920075}, "Tmstamp": {"mean": 71.5, "std": 41.56821702535083}, "Wspd": {"mean": 5.396787439613506, "std": 3.4498466253783984}, "Wdir": {"mean": 0.7647119565217434, "std": 28.914633765180497}, "Etmp": {"mean": 21.524046497584543, "std": 16.95184172379968}, "Itmp": {"mean": 26.508223128019054, "std": 16.223919096487307}, "Ndir": {"mean": 192.68050181159123, "std": 161.30669205287262}, "Pab1": {"mean": 22.93776328502825, "std": 36.41170242351768}, "Pab2": {"mean": 22.937109903385604, "std": 36.41113593326209}, "Pab3": {"mean": 22.935164855076557, "std": 36.40959197866354}, "Prtv": {"mean": -18.736408514492904, "std": 86.19123017123945}, "Patv": {"mean": 486.9855479449086, "std": 504.69650971775036}}