{"Day": {"mean": 115.5, "std": 66.39465339920075}, "Tmstamp": {"mean": 71.5, "std": 41.56821702535083}, "Wspd": {"mean": 5.107198369565206, "std": 3.3817811180940858}, "Wdir": {"mean": 0.04166062801932116, "std": 31.315546324601158}, "Etmp": {"mean": 20.077957427536635, "std": 23.95297917912406}, "Itmp": {"mean": 29.79827264492763, "std": 24.171823712673444}, "Ndir": {"mean": 181.3358475241608, "std": 160.5543625414917}, "Pab1": {"mean": 24.746790157008935, "std": 37.620146963829754}, "Pab2": {"mean": 24.745491243965603, "std": 37.6177510199642}, "Pab3": {"mean": 24.59119987923139, "std": 37.48919158502062}, "Prtv": {"mean": -19.68230042270592, "std": 62.39263577629811}, "Patv": {"mean": 407.9931024647507, "std": 466.4192496367571}}