{"Day": {"mean": 115.5, "std": 66.39465339920075}, "Tmstamp": {"mean": 71.5, "std": 41.56821702535083}, "Wspd": {"mean": 4.824699577294628, "std": 3.248498889726989}, "Wdir": {"mean": 0.4268740942028994, "std": 32.08787000386769}, "Etmp": {"mean": 21.400032306763343, "std": 19.94652750028457}, "Itmp": {"mean": 26.71716878019307, "std": 19.51277451723359}, "Ndir": {"mean": 183.73654981883877, "std": 151.56830378726315}, "Pab1": {"mean": 26.53926751208141, "std": 38.55656877171127}, "Pab2": {"mean": 26.53889734299935, "std": 38.556239980286534}, "Pab3": {"mean": 26.452075181163536, "std": 38.513761033968336}, "Prtv": {"mean": -11.463663949274256, "std": 69.35348864259065}, "Patv": {"mean": 426.28745455310354, "std": 474.1265785554577}}