{"Day": {"mean": 115.5, "std": 66.39465339920075}, "Tmstamp": {"mean": 71.5, "std": 41.56821702535083}, "Wspd": {"mean": 5.602394927536232, "std": 3.6781800375618148}, "Wdir": {"mean": 0.7647222222222222, "std": 29.756003081485925}, "Etmp": {"mean": 16.437267512077295, "std": 11.433163990419228}, "Itmp": {"mean": 24.268821256038645, "std": 35.254639100454796}, "Ndir": {"mean": 148.22325845410626, "std": 167.33903541602544}, "Pab1": {"mean": 26.10670984299517, "std": 38.3605502530626}, "Pab2": {"mean": 26.068668478260868, "std": 38.356766004023804}, "Pab3": {"mean": 26.11375120772947, "std": 38.37838720222175}, "Prtv": {"mean": -21.01475301932367, "std": 86.11732795967862}, "Patv": {"mean": 478.816470362883, "std": 499.96393110735033}}