{"Day": {"mean": 115.5, "std": 66.39465339920075}, "Tmstamp": {"mean": 71.5, "std": 41.56821702535083}, "Wspd": {"mean": 5.173666968598969, "std": 3.3701202813772437}, "Wdir": {"mean": 0.5387158816425179, "std": 31.168375547725045}, "Etmp": {"mean": 22.39097071256085, "std": 14.538621075415238}, "Itmp": {"mean": 30.454970712560055, "std": 12.90642735969829}, "Ndir": {"mean": 225.2806216787449, "std": 160.43108060818952}, "Pab1": {"mean": 23.885342995173318, "std": 37.102540460298194}, "Pab2": {"mean": 24.204247886477592, "std": 37.276920534273906}, "Pab3": {"mean": 24.203832427540373, "std": 37.27629443689122}, "Prtv": {"mean": -15.188836956519596, "std": 69.8564447347832}, "Patv": {"mean": 412.4831488687622, "std": 459.2216554610177}}