{"Day": {"mean": 115.5, "std": 66.39465339920075}, "Tmstamp": {"mean": 71.5, "std": 41.56821702535083}, "Wspd": {"mean": 4.942176026570042, "std": 3.2711270544467435}, "Wdir": {"mean": 1.999490338164255, "std": 31.80141641351346}, "Etmp": {"mean": 122.47724728262273, "std": 172.44052383148625}, "Itmp": {"mean": 23.26523128019315, "std": 25.593244604247108}, "Ndir": {"mean": 189.27528653381148, "std": 155.26967484411912}, "Pab1": {"mean": 29.533151268121436, "std": 39.18504699578514}, "Pab2": {"mean": 29.5299716183626, "std": 39.18378459112834}, "Pab3": {"mean": 29.53280404589883, "std": 39.18392524222329}, "Prtv": {"mean": -9.413274758453593, "std": 61.96048836433347}, "Patv": {"mean": 355.03556059825655, "std": 417.1574479729787}}