{"Day": {"mean": 115.5, "std": 66.39465339920075}, "Tmstamp": {"mean": 71.5, "std": 41.56821702535083}, "Wspd": {"mean": 5.30187198067625, "std": 3.3969308110854497}, "Wdir": {"mean": -0.655066123188397, "std": 30.680859165186078}, "Etmp": {"mean": 323.18735869562465, "std": 28.365602910290104}, "Itmp": {"mean": 23.658914553140164, "std": 17.663501236684315}, "Ndir": {"mean": 190.02275634057355, "std": 161.702689465652}, "Pab1": {"mean": 22.35068870773387, "std": 36.387704362516736}, "Pab2": {"mean": 22.35052113527025, "std": 36.387207524340376}, "Pab3": {"mean": 22.350288043482767, "std": 36.38751596088035}, "Prtv": {"mean": -13.11243327294521, "std": 73.28718430410885}, "Patv": {"mean": 411.3569952065426, "std": 462.9126082410177}}