{"Day": {"mean": 115.5, "std": 66.39465339920075}, "Tmstamp": {"mean": 71.5, "std": 41.56821702535083}, "Wspd": {"mean": 5.557644927536274, "std": 3.618296777098348}, "Wdir": {"mean": 2.073540760869567, "std": 30.414312801651377}, "Etmp": {"mean": 22.43015489130447, "std": 20.105217441568254}, "Itmp": {"mean": 26.813124698067526, "std": 19.536933749590748}, "Ndir": {"mean": 181.52225483091888, "std": 162.88494755149358}, "Pab1": {"mean": 25.696824577299413, "std": 38.02789462811763}, "Pab2": {"mean": 25.696454408217242, "std": 38.02751701140241}, "Pab3": {"mean": 25.687674516912853, "std": 38.01840347951227}, "Prtv": {"mean": -17.06923128019226, "std": 84.46156792724243}, "Patv": {"mean": 489.1138130341425, "std": 511.3573399172138}}