{"Day": {"mean": 115.5, "std": 66.39465339920075}, "Tmstamp": {"mean": 71.5, "std": 41.56821702535083}, "Wspd": {"mean": 5.0878212560386435, "std": 3.2666386606951807}, "Wdir": {"mean": -0.20539975845410754, "std": 28.66354547409926}, "Etmp": {"mean": 16.537978562801925, "std": 9.55367746866439}, "Itmp": {"mean": 35.11042753623156, "std": 17.73926694680392}, "Ndir": {"mean": 162.75487107488055, "std": 183.15318165533665}, "Pab1": {"mean": 26.728317330922202, "std": 38.6068777025471}, "Pab2": {"mean": 26.720870772951095, "std": 38.605586499729995}, "Pab3": {"mean": 26.727464975849777, "std": 38.60539213184454}, "Prtv": {"mean": -16.78374547101394, "std": 58.926198470205016}, "Patv": {"mean": 401.2511237813671, "std": 457.25917593591197}}