{"Day": {"mean": 115.5, "std": 66.39465339920075}, "Tmstamp": {"mean": 71.5, "std": 41.56821702535083}, "Wspd": {"mean": 5.042167270531401, "std": 3.413839617052664}, "Wdir": {"mean": 1.0779030797101516, "std": 30.343113257606042}, "Etmp": {"mean": 22.293935688406084, "std": 24.79087216439919}, "Itmp": {"mean": 29.320572161835734, "std": 25.085816769459214}, "Ndir": {"mean": 177.9340434782546, "std": 170.80854139148195}, "Pab1": {"mean": 27.742028985511723, "std": 38.96968788523308}, "Pab2": {"mean": 27.726074577299148, "std": 38.963944048881196}, "Pab3": {"mean": 27.74230344203341, "std": 38.97180469806983}, "Prtv": {"mean": -15.236997584538795, "std": 74.95792801444468}, "Patv": {"mean": 450.8254925336113, "std": 489.8955048729918}}