{"Day": {"mean": 115.5, "std": 66.39465339920075}, "Tmstamp": {"mean": 71.5, "std": 41.56821702535083}, "Wspd": {"mean": 4.887499396135265, "std": 3.189928812734486}, "Wdir": {"mean": 1.0559849033816426, "std": 30.400429458152566}, "Etmp": {"mean": 22.031610507246377, "std": 18.435646567036162}, "Itmp": {"mean": 24.77211443236715, "std": 17.931336514707784}, "Ndir": {"mean": 163.5365727657005, "std": 185.97287528802357}, "Pab1": {"mean": 25.835042572463767, "std": 37.825294760091445}, "Pab2": {"mean": 25.832855072463765, "std": 37.82221535301274}, "Pab3": {"mean": 25.83190277777778, "std": 37.8214442707261}, "Prtv": {"mean": -16.656980072463767, "std": 70.76961577684663}, "Patv": {"mean": 405.4170498797541, "std": 403.2168410233663}}