{"Day": {"mean": 115.5, "std": 66.39465339920075}, "Tmstamp": {"mean": 71.5, "std": 41.56821702535083}, "Wspd": {"mean": 5.081742451690785, "std": 3.257886241719158}, "Wdir": {"mean": 0.8938559782608739, "std": 32.00623121474385}, "Etmp": {"mean": 22.825772041062887, "std": 15.560635322255134}, "Itmp": {"mean": 27.19325060386466, "std": 14.899561465395854}, "Ndir": {"mean": 203.59283695652945, "std": 149.2868041530996}, "Pab1": {"mean": 27.34376026570376, "std": 38.47132215972272}, "Pab2": {"mean": 27.33945048309485, "std": 38.465392840618165}, "Pab3": {"mean": 27.340740338167752, "std": 38.46670300137194}, "Prtv": {"mean": -12.750824275360225, "std": 69.8007348393627}, "Patv": {"mean": 408.5783799441665, "std": 454.49308909311895}}