{"Day": {"mean": 115.5, "std": 66.39465339920075}, "Tmstamp": {"mean": 71.5, "std": 41.56821702535083}, "Wspd": {"mean": 5.138661231884004, "std": 3.364238848022012}, "Wdir": {"mean": 1.7500374396135097, "std": 30.916460067649062}, "Etmp": {"mean": 22.606585748792167, "std": 22.061645634753244}, "Itmp": {"mean": 31.886811594202847, "std": 21.821679152248603}, "Ndir": {"mean": 181.83048641304828, "std": 161.45795834442134}, "Pab1": {"mean": 25.54993568841046, "std": 38.197603721352}, "Pab2": {"mean": 25.549476751212353, "std": 38.19676179533432}, "Pab3": {"mean": 25.53737409420748, "std": 38.19050608206488}, "Prtv": {"mean": -24.833464070049903, "std": 61.39916173444669}, "Patv": {"mean": 424.23356983091514, "std": 473.5416880414854}}