{"Day": {"mean": 115.5, "std": 66.39465339920075}, "Tmstamp": {"mean": 71.5, "std": 41.56821702535083}, "Wspd": {"mean": 5.022496074879201, "std": 3.3311844737983205}, "Wdir": {"mean": 0.571141002415452, "std": 30.805644306044748}, "Etmp": {"mean": 22.312474939613114, "std": 16.16632931538535}, "Itmp": {"mean": 25.51690519323686, "std": 15.0690116740147}, "Ndir": {"mean": 194.97218025363046, "std": 155.78122900469856}, "Pab1": {"mean": 26.943360507250663, "std": 39.24653956536662}, "Pab2": {"mean": 26.946610809183184, "std": 39.25062465342721}, "Pab3": {"mean": 26.91625573671931, "std": 39.22913890436922}, "Prtv": {"mean": -19.226269927536872, "std": 68.69773407896633}, "Patv": {"mean": 433.7617682035415, "std": 476.1198028158615}}