{"Day": {"mean": 115.5, "std": 66.39465339920075}, "Tmstamp": {"mean": 71.5, "std": 41.56821702535083}, "Wspd": {"mean": 5.504514794685948, "std": 3.5705405076810113}, "Wdir": {"mean": 0.32969293478261125, "std": 29.55128749237598}, "Etmp": {"mean": 22.827917874396135, "std": 18.085335761215884}, "Itmp": {"mean": 27.820997282608193, "std": 17.389547954110327}, "Ndir": {"mean": 175.352921195646, "std": 179.00423788069298}, "Pab1": {"mean": 24.243382246380897, "std": 37.327464992459426}, "Pab2": {"mean": 24.20755404589796, "std": 37.30884789583988}, "Pab3": {"mean": 24.239667270535545, "std": 37.324722317592176}, "Prtv": {"mean": -17.13892995169002, "std": 81.17916076956728}, "Patv": {"mean": 475.8039334888646, "std": 502.1491238423649}}