{"Day": {"mean": 115.5, "std": 66.39465339920075}, "Tmstamp": {"mean": 71.5, "std": 41.56821702535083}, "Wspd": {"mean": 4.998593297101512, "std": 3.328136266335625}, "Wdir": {"mean": 1.4292581521739167, "std": 30.802978584581044}, "Etmp": {"mean": 22.46733756038693, "std": 16.443547376795344}, "Itmp": {"mean": 25.17669565217406, "std": 15.433478537571858}, "Ndir": {"mean": 186.97732336956628, "std": 152.56514069689618}, "Pab1": {"mean": 24.983972222226626, "std": 37.85124720463343}, "Pab2": {"mean": 24.984272041067086, "std": 37.85127143429308}, "Pab3": {"mean": 24.984198067637248, "std": 37.851409745382234}, "Prtv": {"mean": -17.312492753622863, "std": 59.25724854721629}, "Patv": {"mean": 386.91319682991167, "std": 446.57608154961736}}