{"Day": {"mean": 115.5, "std": 66.39465339920075}, "Tmstamp": {"mean": 71.5, "std": 41.56821702535083}, "Wspd": {"mean": 5.602945652173944, "std": 3.6610557844959173}, "Wdir": {"mean": 1.5238218599033764, "std": 29.334852451723798}, "Etmp": {"mean": 391.97833423883696, "std": 36.37611159241488}, "Itmp": {"mean": 24.5494308574884, "std": 19.119574165111118}, "Ndir": {"mean": 171.525862620772, "std": 178.0579043588565}, "Pab1": {"mean": 24.79317330918325, "std": 37.51337674616677}, "Pab2": {"mean": 24.797256944449018, "std": 37.520344901381755}, "Pab3": {"mean": 24.797662137685705, "std": 37.52047179085666}, "Prtv": {"mean": -16.358116243960364, "std": 78.95994046010806}, "Patv": {"mean": 457.3238773197698, "std": 491.55966312254617}}