{"Day": {"mean": 115.5, "std": 66.39465339920075}, "Tmstamp": {"mean": 71.5, "std": 41.56821702535083}, "Wspd": {"mean": 5.034084541062805, "std": 3.310564432420836}, "Wdir": {"mean": 0.15351570048309318, "std": 30.039215138083424}, "Etmp": {"mean": 27.883068538647038, "std": 18.250784098241294}, "Itmp": {"mean": 31.062805857487838, "std": 17.675570160357324}, "Ndir": {"mean": 169.8808426932301, "std": 161.27541920231235}, "Pab1": {"mean": 24.837563707733988, "std": 37.7500415763866}, "Pab2": {"mean": 24.837660929956176, "std": 37.750016703494225}, "Pab3": {"mean": 24.836648248796667, "std": 37.749156105211156}, "Prtv": {"mean": -27.625748792272738, "std": 62.716142311997764}, "Patv": {"mean": 437.0167364739922, "std": 474.3221026732935}}