{"Day": {"mean": 115.5, "std": 66.39465339920075}, "Tmstamp": {"mean": 71.5, "std": 41.56821702535083}, "Wspd": {"mean": 4.827362922705296, "std": 3.2208636661566588}, "Wdir": {"mean": 0.5648882850241547, "std": 31.09280155926702}, "Etmp": {"mean": 17.8935782004832, "std": 22.49158676954669}, "Itmp": {"mean": 26.494226147343035, "std": 22.187335670049606}, "Ndir": {"mean": 176.81816696859798, "std": 163.89361325789298}, "Pab1": {"mean": 26.889125905801833, "std": 39.386228762611225}, "Pab2": {"mean": 26.88820380435258, "std": 39.385543117585804}, "Pab3": {"mean": 26.888215579714835, "std": 39.38513459081815}, "Prtv": {"mean": -12.818245772944767, "std": 72.30477587435279}, "Patv": {"mean": 425.5357224555714, "std": 483.96207206728917}}