{"Day": {"mean": 115.5, "std": 66.39465339920075}, "Tmstamp": {"mean": 71.5, "std": 41.56821702535083}, "Wspd": {"mean": 5.0331536835748745, "std": 3.337813147740795}, "Wdir": {"mean": 0.7018991545893737, "std": 31.053756140782454}, "Etmp": {"mean": 21.220759963768188, "std": 20.63499609175809}, "Itmp": {"mean": 27.658709541063054, "std": 19.98293917931325}, "Ndir": {"mean": 195.12935748792378, "std": 167.8735529999168}, "Pab1": {"mean": 24.690564311599115, "std": 37.68556972134315}, "Pab2": {"mean": 24.691297403386677, "std": 37.68604507929541}, "Pab3": {"mean": 24.688932065222236, "std": 37.68410343989815}, "Prtv": {"mean": -13.644575181157943, "std": 72.14253236749862}, "Patv": {"mean": 421.45772210990407, "std": 467.35554284956027}}