{"Day": {"mean": 115.5, "std": 66.39465339920075}, "Tmstamp": {"mean": 71.5, "std": 41.56821702535083}, "Wspd": {"mean": 4.688679951690833, "std": 3.0788454044301057}, "Wdir": {"mean": 1.1765132850241675, "std": 29.01199893538663}, "Etmp": {"mean": 22.5294565217391, "std": 19.350518947073642}, "Itmp": {"mean": 25.949901570048336, "std": 18.994853815753665}, "Ndir": {"mean": 154.25644414251695, "std": 194.53951158549273}, "Pab1": {"mean": 26.17895803140594, "std": 38.36462338627414}, "Pab2": {"mean": 26.174071557976028, "std": 38.35983771606247}, "Pab3": {"mean": 26.17794263285519, "std": 38.36385772591211}, "Prtv": {"mean": -12.188644323669727, "std": 68.28032574323998}, "Patv": {"mean": 399.4729264428265, "std": 446.14361805338046}}