{"Day": {"mean": 115.5, "std": 66.39465339920075}, "Tmstamp": {"mean": 71.5, "std": 41.56821702535083}, "Wspd": {"mean": 4.895894323671492, "std": 3.180685480222509}, "Wdir": {"mean": 0.3542321859903335, "std": 30.474948106562323}, "Etmp": {"mean": 22.075503925120813, "std": 20.027582089547167}, "Itmp": {"mean": 33.44495561594168, "std": 19.26424953725255}, "Ndir": {"mean": 120.97162650965991, "std": 197.60462992949775}, "Pab1": {"mean": 26.44773309179201, "std": 38.62458420941547}, "Pab2": {"mean": 26.447699577299137, "std": 38.624551720204416}, "Pab3": {"mean": 26.44468327295131, "std": 38.621472317709326}, "Prtv": {"mean": -13.249854770529176, "std": 73.09508325748453}, "Patv": {"mean": 431.57005110715124, "std": 478.67345785976374}}