{"Day": {"mean": 115.5, "std": 66.39465339920075}, "Tmstamp": {"mean": 71.5, "std": 41.56821702535083}, "Wspd": {"mean": 4.831712258454064, "std": 3.241865416198846}, "Wdir": {"mean": 1.5473611111111105, "std": 32.48277921360247}, "Etmp": {"mean": 20.671919987922845, "std": 27.78676740522998}, "Itmp": {"mean": 30.591995169081933, "std": 27.79656766509345}, "Ndir": {"mean": 171.21135084540617, "std": 178.43224729083997}, "Pab1": {"mean": 29.54817783816857, "std": 39.77913463995437}, "Pab2": {"mean": 29.668762983096375, "std": 39.95000149243905}, "Pab3": {"mean": 29.6662551328548, "std": 39.94847335007773}, "Prtv": {"mean": -11.721594202896853, "std": 65.33924800857561}, "Patv": {"mean": 399.19097141651986, "std": 452.4207186320244}}