{"Day": {"mean": 115.5, "std": 66.39465339920075}, "Tmstamp": {"mean": 71.5, "std": 41.56821702535083}, "Wspd": {"mean": 5.408175724637652, "std": 3.5341640241443133}, "Wdir": {"mean": 0.6880066425120754, "std": 28.81496371381479}, "Etmp": {"mean": 25.438101147342877, "std": 14.142930272516736}, "Itmp": {"mean": 36.72374547101463, "std": 13.577904793566919}, "Ndir": {"mean": 173.55411684781868, "std": 176.22190363866494}, "Pab1": {"mean": 23.603859601453664, "std": 36.84295862395722}, "Pab2": {"mean": 23.603316727057422, "std": 36.842390387616575}, "Pab3": {"mean": 23.603281702902844, "std": 36.84220858988403}, "Prtv": {"mean": -49.296643115948974, "std": 65.7795818652538}, "Patv": {"mean": 476.4492258899122, "std": 493.4696267839421}}