{"Day": {"mean": 115.5, "std": 66.39465339920075}, "Tmstamp": {"mean": 71.5, "std": 41.56821702535083}, "Wspd": {"mean": 5.567954106280184, "std": 3.5608287705137194}, "Wdir": {"mean": -0.47859178743960795, "std": 31.939469874170022}, "Etmp": {"mean": 21.837990036231744, "std": 18.998005145004786}, "Itmp": {"mean": 32.684090881642604, "std": 17.970260702028394}, "Ndir": {"mean": 191.58981400965487, "std": 185.75004653101848}, "Pab1": {"mean": 25.494918176332554, "std": 37.9574371999948}, "Pab2": {"mean": 25.489074275366583, "std": 37.95378685034043}, "Pab3": {"mean": 23.925573671501937, "std": 37.12991794785309}, "Prtv": {"mean": -12.173416968597817, "std": 69.66178612359245}, "Patv": {"mean": 408.521311598291, "std": 458.4432675787557}}