{"Day": {"mean": 115.5, "std": 66.39465339920075}, "Tmstamp": {"mean": 71.5, "std": 41.56821702535083}, "Wspd": {"mean": 4.756789855072464, "std": 3.2529060590535837}, "Wdir": {"mean": 0.8523786231884056, "std": 33.44957103205698}, "Etmp": {"mean": 21.539605072463768, "std": 18.103870506270212}, "Itmp": {"mean": 24.591743055555558, "std": 17.360105833645036}, "Ndir": {"mean": 207.7116539855073, "std": 141.41211588622852}, "Pab1": {"mean": 30.628326992753617, "std": 39.53634310317764}, "Pab2": {"mean": 30.544463466183572, "std": 39.499066031987766}, "Pab3": {"mean": 30.62794384057971, "std": 39.537912445967734}, "Prtv": {"mean": -7.946423007246376, "std": 62.78181352920695}, "Patv": {"mean": 362.6032117188021, "std": 425.2579311334582}}