{"Day": {"mean": 115.5, "std": 66.39465339920075}, "Tmstamp": {"mean": 71.5, "std": 41.56821702535083}, "Wspd": {"mean": 5.031414251207703, "std": 3.356473390610167}, "Wdir": {"mean": -0.05388768115941842, "std": 30.2972989857844}, "Etmp": {"mean": 21.354510567632907, "std": 14.762634799036707}, "Itmp": {"mean": 27.81105766908256, "std": 13.537965204100999}, "Ndir": {"mean": 169.69619927536655, "std": 167.84618291735754}, "Pab1": {"mean": 23.636156400970496, "std": 36.97465922777171}, "Pab2": {"mean": 23.646563707733876, "std": 36.98096656637146}, "Pab3": {"mean": 23.647275362323356, "std": 36.981895619304616}, "Prtv": {"mean": -13.5972762681141, "std": 70.00653938614447}, "Patv": {"mean": 402.13005418668524, "std": 448.75905271732034}}