{"Day": {"mean": 115.5, "std": 66.39465339920075}, "Tmstamp": {"mean": 71.5, "std": 41.56821702535083}, "Wspd": {"mean": 5.092523248792244, "std": 3.2830446575079093}, "Wdir": {"mean": 1.8816512681159436, "std": 33.006442578175985}, "Etmp": {"mean": 22.429488828502272, "std": 16.95751396806827}, "Itmp": {"mean": 23.26347705313998, "std": 16.26821010825352}, "Ndir": {"mean": 200.68121014492766, "std": 152.68040342551507}, "Pab1": {"mean": 25.396998792275095, "std": 38.13008054366875}, "Pab2": {"mean": 25.40578925121223, "std": 38.13300676546681}, "Pab3": {"mean": 25.405935990342734, "std": 38.133540453326496}, "Prtv": {"mean": -15.354663949273274, "std": 72.47917425877412}, "Patv": {"mean": 430.8404886861937, "std": 472.81391656609645}}