{"Day": {"mean": 115.5, "std": 66.39465339920075}, "Tmstamp": {"mean": 71.5, "std": 41.56821702535083}, "Wspd": {"mean": 5.283772041062843, "std": 3.463183316741039}, "Wdir": {"mean": 1.4677370169082038, "std": 31.443840697994226}, "Etmp": {"mean": 20.699509963768033, "std": 29.403422388192602}, "Itmp": {"mean": 29.632360507246226, "std": 29.44574514768419}, "Ndir": {"mean": 176.8361301328473, "std": 169.78414118485162}, "Pab1": {"mean": 26.268537439617873, "std": 38.5218481509914}, "Pab2": {"mean": 26.255415458941386, "std": 38.510300502948716}, "Pab3": {"mean": 26.233072463772444, "std": 38.50485191051093}, "Prtv": {"mean": -12.274722524153427, "std": 71.39762460219505}, "Patv": {"mean": 420.79671988488934, "std": 468.4507392985536}}