{"Day": {"mean": 115.5, "std": 66.39465339920075}, "Tmstamp": {"mean": 71.5, "std": 41.56821702535083}, "Wspd": {"mean": 4.944259359903403, "std": 3.321576175858688}, "Wdir": {"mean": 1.0204897342995194, "std": 30.53769735494225}, "Etmp": {"mean": 22.938452898550427, "std": 18.591162010838406}, "Itmp": {"mean": 29.00288435990332, "std": 17.55548391631927}, "Ndir": {"mean": 197.1572518115887, "std": 159.44766566383882}, "Pab1": {"mean": 24.094365942033377, "std": 37.48340684495482}, "Pab2": {"mean": 24.09678743961788, "std": 37.48417853994245}, "Pab3": {"mean": 24.090879528989692, "std": 37.480842666399596}, "Prtv": {"mean": -11.37664190821129, "std": 67.17055561868413}, "Patv": {"mean": 398.7356224228709, "std": 453.11805586290944}}