{"Day": {"mean": 115.5, "std": 66.39465339920075}, "Tmstamp": {"mean": 71.5, "std": 41.56821702535083}, "Wspd": {"mean": 5.343147041062767, "std": 3.467380519293603}, "Wdir": {"mean": 0.17331400966183624, "std": 28.76251580306713}, "Etmp": {"mean": 22.915216183575012, "std": 15.143885365484163}, "Itmp": {"mean": 29.38294142512071, "std": 14.12329978934829}, "Ndir": {"mean": 187.8810685386428, "std": 168.74571130886576}, "Pab1": {"mean": 25.26124426328928, "std": 37.75431797497253}, "Pab2": {"mean": 25.26382850241989, "std": 37.75650400498689}, "Pab3": {"mean": 25.25971346618787, "std": 37.75534286684801}, "Prtv": {"mean": -20.25221588164315, "std": 74.7121845606206}, "Patv": {"mean": 457.54203599432145, "std": 492.2173853966921}}