{"Day": {"mean": 115.5, "std": 66.39465339920075}, "Tmstamp": {"mean": 71.5, "std": 41.56821702535083}, "Wspd": {"mean": 4.952559178744001, "std": 3.3250049675056803}, "Wdir": {"mean": -0.0522382246376815, "std": 31.640247554076307}, "Etmp": {"mean": 22.623760567632534, "std": 18.131743471438273}, "Itmp": {"mean": 33.30911865942047, "std": 17.14335940503004}, "Ndir": {"mean": 187.56918599034952, "std": 158.7349435921779}, "Pab1": {"mean": 26.24257669082608, "std": 38.392570269980965}, "Pab2": {"mean": 26.246306461357598, "std": 38.39446372051855}, "Pab3": {"mean": 26.234271437202974, "std": 38.38418030162596}, "Prtv": {"mean": -11.87935144927426, "std": 69.71321664917603}, "Patv": {"mean": 406.3998052612334, "std": 458.6617201259467}}