{"Day": {"mean": 115.5, "std": 66.39465339920075}, "Tmstamp": {"mean": 71.5, "std": 41.56821702535083}, "Wspd": {"mean": 5.082596920289867, "std": 3.4080018456979118}, "Wdir": {"mean": 0.7027424516908255, "std": 30.296242176617348}, "Etmp": {"mean": 20.330555253622997, "std": 18.55862046894695}, "Itmp": {"mean": 34.907075785023494, "std": 18.354717862464685}, "Ndir": {"mean": 191.1498408816396, "std": 165.4222358649671}, "Pab1": {"mean": 24.00111926328939, "std": 37.260277108060045}, "Pab2": {"mean": 23.73540368357914, "std": 37.12703911233578}, "Pab3": {"mean": 23.436410326090968, "std": 36.96999931256005}, "Prtv": {"mean": -20.822309782609803, "std": 63.76992367822827}, "Patv": {"mean": 422.9420218729725, "std": 473.9469834626604}}