{"Day": {"mean": 115.5, "std": 66.39465339920075}, "Tmstamp": {"mean": 71.5, "std": 41.56821702535083}, "Wspd": {"mean": 5.358166666666667, "std": 3.5108174304844217}, "Wdir": {"mean": 0.8443233695652175, "std": 30.1899479294915}, "Etmp": {"mean": 392.52616908212565, "std": 31.27081171157279}, "Itmp": {"mean": 26.434573369565214, "std": 17.12270102182954}, "Ndir": {"mean": 171.68293417874395, "std": 170.07318897683933}, "Pab1": {"mean": 24.354238526570043, "std": 37.295168200194325}, "Pab2": {"mean": 24.074551328502412, "std": 37.1432636753057}, "Pab3": {"mean": 24.354553442028983, "std": 37.29559117467777}, "Prtv": {"mean": -18.903990338164252, "std": 81.26732829763989}, "Patv": {"mean": 470.887434780838, "std": 498.44147221313176}}