{"Day": {"mean": 115.5, "std": 66.39465339920075}, "Tmstamp": {"mean": 71.5, "std": 41.56821702535083}, "Wspd": {"mean": 5.117374094202883, "std": 3.340324507855964}, "Wdir": {"mean": 0.06914251207729327, "std": 28.6854586813579}, "Etmp": {"mean": 22.724761171497903, "std": 17.64346237113783}, "Itmp": {"mean": 29.982973429951745, "std": 16.783165741661872}, "Ndir": {"mean": 196.90352113525586, "std": 155.8783679522313}, "Pab1": {"mean": 26.754669685994426, "std": 38.63758634586603}, "Pab2": {"mean": 26.75295380435188, "std": 38.636356309191584}, "Pab3": {"mean": 26.762006944448437, "std": 38.63882465158425}, "Prtv": {"mean": -15.084405797100194, "std": 74.68062587400287}, "Patv": {"mean": 451.2528271648748, "std": 487.4131997353409}}