{"Day": {"mean": 115.5, "std": 66.39465339920075}, "Tmstamp": {"mean": 71.5, "std": 41.56821702535083}, "Wspd": {"mean": 4.772563405797082, "std": 3.2206927822738796}, "Wdir": {"mean": 0.3644070048309165, "std": 32.17727910642921}, "Etmp": {"mean": 391.09872856309477, "std": 36.87087397802207}, "Itmp": {"mean": 27.680240036231716, "std": 19.278646273309693}, "Ndir": {"mean": 174.59246165459126, "std": 161.29067970770805}, "Pab1": {"mean": 25.99612379227499, "std": 38.18070251304456}, "Pab2": {"mean": 26.002757246381137, "std": 38.18520268523478}, "Pab3": {"mean": 26.003468900970603, "std": 38.18637747306786}, "Prtv": {"mean": -11.683990036230814, "std": 71.62364139946938}, "Patv": {"mean": 414.97855126610904, "std": 465.8881117343004}}