{"Day": {"mean": 115.5, "std": 66.39465339920075}, "Tmstamp": {"mean": 71.5, "std": 41.56821702535083}, "Wspd": {"mean": 4.9935440821256405, "std": 3.31165825963557}, "Wdir": {"mean": 0.7976506642512102, "std": 30.680103585900895}, "Etmp": {"mean": 21.307078502415536, "std": 25.463500926183514}, "Itmp": {"mean": 26.81990881642517, "std": 25.31995806065613}, "Ndir": {"mean": 207.43613677536413, "std": 164.14119863995302}, "Pab1": {"mean": 25.219940217395944, "std": 37.84202261412627}, "Pab2": {"mean": 25.196132548313567, "std": 37.83071036378043}, "Pab3": {"mean": 25.221838164255846, "std": 37.84240895203474}, "Prtv": {"mean": -12.293588164249822, "std": 67.55110400254266}, "Patv": {"mean": 399.7954519438415, "std": 449.9116648674196}}