{"Day": {"mean": 115.5, "std": 66.39465339920075}, "Tmstamp": {"mean": 71.5, "std": 41.56821702535083}, "Wspd": {"mean": 5.009113526570036, "std": 3.284640117223237}, "Wdir": {"mean": 0.33089311594203247, "std": 29.425874670436023}, "Etmp": {"mean": 21.95652717391321, "std": 15.061015169818946}, "Itmp": {"mean": 35.22051781400929, "std": 12.974855806561811}, "Ndir": {"mean": 206.1346002415543, "std": 163.23819020631512}, "Pab1": {"mean": 23.976606884061916, "std": 37.160781932691144}, "Pab2": {"mean": 23.97664492754024, "std": 37.16072073903541}, "Pab3": {"mean": 23.975381340583738, "std": 37.16060355074597}, "Prtv": {"mean": -14.547679045891998, "std": 77.14949352432168}, "Patv": {"mean": 440.5343922387399, "std": 484.5904370796588}}