{"Day": {"mean": 115.5, "std": 66.39465339920075}, "Tmstamp": {"mean": 71.5, "std": 41.56821702535083}, "Wspd": {"mean": 5.2908529589371724, "std": 3.4580086123259006}, "Wdir": {"mean": 0.5501029589372091, "std": 29.244424986866456}, "Etmp": {"mean": 25.290383152174023, "std": 20.03741407475203}, "Itmp": {"mean": 26.034426328502185, "std": 20.32408615139901}, "Ndir": {"mean": 185.0235754830844, "std": 173.0531373556914}, "Pab1": {"mean": 24.678006038651883, "std": 37.5730887930049}, "Pab2": {"mean": 24.67185416667121, "std": 37.57683560987209}, "Pab3": {"mean": 24.683238224642263, "std": 37.577113561630014}, "Prtv": {"mean": -20.309077596619314, "std": 86.51289504825138}, "Patv": {"mean": 489.9339281834668, "std": 508.55343654122385}}