{"Day": {"mean": 115.5, "std": 66.39465339920075}, "Tmstamp": {"mean": 71.5, "std": 41.56821702535083}, "Wspd": {"mean": 5.076419987922701, "std": 3.349482202835621}, "Wdir": {"mean": 0.20264462560386168, "std": 29.54107089598621}, "Etmp": {"mean": 21.19905857487927, "std": 20.0613465596509}, "Itmp": {"mean": 26.855823067632834, "std": 19.241836045792088}, "Ndir": {"mean": 201.9631189613676, "std": 156.02087866774232}, "Pab1": {"mean": 25.459393719810958, "std": 38.13222661375598}, "Pab2": {"mean": 25.45816153382068, "std": 38.1311662724469}, "Pab3": {"mean": 25.459189915463174, "std": 38.13181817641448}, "Prtv": {"mean": -12.9982110507228, "std": 72.5792102733133}, "Patv": {"mean": 431.5349602547062, "std": 476.52851064535986}}