{"Day": {"mean": 115.5, "std": 66.39465339920075}, "Tmstamp": {"mean": 71.5, "std": 41.56821702535083}, "Wspd": {"mean": 5.743128019323655, "std": 3.8209846655710535}, "Wdir": {"mean": -0.17590942028986203, "std": 28.97131254270511}, "Etmp": {"mean": 21.37266274154588, "std": 20.10748982196916}, "Itmp": {"mean": 26.744521437198074, "std": 19.403975261178726}, "Ndir": {"mean": 209.82652626812342, "std": 164.1535948729099}, "Pab1": {"mean": 25.307785628023588, "std": 37.473677987463766}, "Pab2": {"mean": 25.30664492754045, "std": 37.47370152103737}, "Pab3": {"mean": 25.297850543482518, "std": 37.4696995044833}, "Prtv": {"mean": -21.76343900966308, "std": 71.85643975867}, "Patv": {"mean": 447.44797402595265, "std": 478.0744633865076}}