{"Day": {"mean": 115.5, "std": 66.39465339920075}, "Tmstamp": {"mean": 71.5, "std": 41.56821702535083}, "Wspd": {"mean": 5.310482185990362, "std": 3.448308175808351}, "Wdir": {"mean": 0.4172201086956513, "std": 29.20474845754456}, "Etmp": {"mean": 21.04621437198102, "std": 20.110669019167158}, "Itmp": {"mean": 27.21325120772957, "std": 19.426259049117466}, "Ndir": {"mean": 186.3782949879265, "std": 165.07385587526164}, "Pab1": {"mean": 24.75904770531792, "std": 37.40803805254673}, "Pab2": {"mean": 24.782904891308227, "std": 37.416266471192124}, "Pab3": {"mean": 24.80046890097004, "std": 37.42601262833686}, "Prtv": {"mean": -15.703838768114615, "std": 80.0118152571967}, "Patv": {"mean": 452.1475493952014, "std": 484.71575823906164}}