{"Day": {"mean": 115.5, "std": 66.39465339920075}, "Tmstamp": {"mean": 71.5, "std": 41.56821702535083}, "Wspd": {"mean": 4.780793780193206, "std": 3.1923006192564336}, "Wdir": {"mean": -0.08397584541063147, "std": 30.782004776940358}, "Etmp": {"mean": 27.22081249999989, "std": 27.784120268188477}, "Itmp": {"mean": 24.22566213768126, "std": 22.42444573262464}, "Ndir": {"mean": 207.36098520532272, "std": 147.14315960011584}, "Pab1": {"mean": 27.13632457729906, "std": 38.633018297021025}, "Pab2": {"mean": 27.135034118362, "std": 38.632159313028225}, "Pab3": {"mean": 27.13325332126045, "std": 38.6303594748603}, "Prtv": {"mean": -13.069384057968604, "std": 68.47395572128336}, "Patv": {"mean": 406.813407395065, "std": 452.76672239512874}}