{"Day": {"mean": 115.5, "std": 66.39465339920075}, "Tmstamp": {"mean": 71.5, "std": 41.56821702535083}, "Wspd": {"mean": 6.30502204106278, "std": 4.0502583861629455}, "Wdir": {"mean": 0.2703638285024189, "std": 29.70119176856874}, "Etmp": {"mean": 21.85590760869562, "std": 27.92284344738412}, "Itmp": {"mean": 27.722388888888464, "std": 27.389392713463064}, "Ndir": {"mean": 196.67414794685394, "std": 169.2679898760094}, "Pab1": {"mean": 22.815276871984867, "std": 36.42203560937074}, "Pab2": {"mean": 22.81647010869989, "std": 36.42310061427843}, "Pab3": {"mean": 22.81594082126031, "std": 36.422690069334735}, "Prtv": {"mean": -31.572152173915626, "std": 72.72357304541237}, "Patv": {"mean": 469.4365900099135, "std": 495.83204108589877}}