{"Day": {"mean": 115.5, "std": 66.39465339920075}, "Tmstamp": {"mean": 71.5, "std": 41.56821702535083}, "Wspd": {"mean": 5.252208031400969, "std": 3.525429720041194}, "Wdir": {"mean": 0.19713194444444307, "std": 30.50679666532829}, "Etmp": {"mean": 23.10157608695697, "std": 18.73133353131498}, "Itmp": {"mean": 28.02900452898556, "std": 17.877169917851194}, "Ndir": {"mean": 186.10018357487877, "std": 146.27741496335014}, "Pab1": {"mean": 26.336608091791526, "std": 38.46644602090262}, "Pab2": {"mean": 26.316065217395415, "std": 38.45649825313255}, "Pab3": {"mean": 26.33772826087353, "std": 38.46820714687816}, "Prtv": {"mean": -14.96302958937033, "std": 68.33490483920637}, "Patv": {"mean": 425.671212972184, "std": 474.4770140190607}}