{"Day": {"mean": 115.5, "std": 66.39465339920075}, "Tmstamp": {"mean": 71.5, "std": 41.56821702535083}, "Wspd": {"mean": 5.636561292270571, "std": 3.7380457321573726}, "Wdir": {"mean": -0.7717509057971131, "std": 29.19915378172766}, "Etmp": {"mean": 23.67917300724637, "std": 13.853342938188664}, "Itmp": {"mean": 29.93974637681165, "std": 12.8617098707443}, "Ndir": {"mean": 209.2950803140147, "std": 162.92179415352848}, "Pab1": {"mean": 24.24278049517299, "std": 37.231634678356386}, "Pab2": {"mean": 24.23438858696067, "std": 37.231646881612434}, "Pab3": {"mean": 24.149821256042564, "std": 37.17787609799106}, "Prtv": {"mean": -17.022243357487294, "std": 79.72323879765615}, "Patv": {"mean": 452.98507040172325, "std": 482.7399644272862}}