{"Day": {"mean": 115.5, "std": 66.39465339920075}, "Tmstamp": {"mean": 71.5, "std": 41.56821702535083}, "Wspd": {"mean": 5.244475543478261, "std": 3.4203179513005564}, "Wdir": {"mean": -1.1247210144927533, "std": 33.798098007428635}, "Etmp": {"mean": 386.1169525966184, "std": 54.44543117621475}, "Itmp": {"mean": 24.42485054347826, "std": 20.134403486366747}, "Ndir": {"mean": 174.91545199275362, "std": 173.21133540957118}, "Pab1": {"mean": 27.736057971014496, "std": 39.63249346103104}, "Pab2": {"mean": 27.731721014492752, "std": 39.628959268550055}, "Pab3": {"mean": 27.715159118357487, "std": 39.62447245506028}, "Prtv": {"mean": -16.339907004830916, "std": 79.28177381939105}, "Patv": {"mean": 461.5901273873178, "std": 486.9325693324263}}