{"Day": {"mean": 115.5, "std": 66.39465339920075}, "Tmstamp": {"mean": 71.5, "std": 41.56821702535083}, "Wspd": {"mean": 5.406802234299509, "std": 3.4944747581410422}, "Wdir": {"mean": 0.8540800120772974, "std": 30.984016508364014}, "Etmp": {"mean": 23.25394263285, "std": 20.82454243859647}, "Itmp": {"mean": 27.410263888889133, "std": 21.07100693033871}, "Ndir": {"mean": 198.5556292270598, "std": 152.13424698649848}, "Pab1": {"mean": 26.53401962560847, "std": 38.739871829951326}, "Pab2": {"mean": 26.532698067637426, "std": 38.738152824029804}, "Pab3": {"mean": 26.532741243965788, "std": 38.73875600870917}, "Prtv": {"mean": -9.581135567631375, "std": 62.68106707366684}, "Patv": {"mean": 381.4552673703017, "std": 441.2564558066573}}