{"Day": {"mean": 115.5, "std": 66.39465339920075}, "Tmstamp": {"mean": 71.5, "std": 41.56821702535083}, "Wspd": {"mean": 5.127104166666655, "std": 3.374391318169095}, "Wdir": {"mean": 0.7362675120772952, "std": 31.436497523317}, "Etmp": {"mean": 23.899302536231854, "std": 16.14176115181941}, "Itmp": {"mean": 30.847548913043315, "std": 14.379646815022205}, "Ndir": {"mean": 174.09951841788492, "std": 153.25355938475064}, "Pab1": {"mean": 24.280285326090834, "std": 37.234437483386515}, "Pab2": {"mean": 24.48036262077696, "std": 37.385983598780925}, "Pab3": {"mean": 24.478683272950896, "std": 37.38511741806415}, "Prtv": {"mean": -11.943087560385278, "std": 70.26597815086413}, "Patv": {"mean": 403.31919057648633, "std": 455.8766021949412}}