{"Day": {"mean": 115.5, "std": 66.39465339920075}, "Tmstamp": {"mean": 71.5, "std": 41.56821702535083}, "Wspd": {"mean": 5.425143115941961, "std": 3.5532985811514153}, "Wdir": {"mean": 1.1007952898550808, "std": 29.171582706328532}, "Etmp": {"mean": 22.45453592995206, "std": 15.356449744391792}, "Itmp": {"mean": 25.66910326086995, "std": 14.619534812264638}, "Ndir": {"mean": 194.4488988526532, "std": 163.98418629933226}, "Pab1": {"mean": 24.23893448067893, "std": 37.56785593255106}, "Pab2": {"mean": 24.237842089374627, "std": 37.56732403768176}, "Pab3": {"mean": 24.240105072466434, "std": 37.56763320108261}, "Prtv": {"mean": -11.937387681157661, "std": 69.5246606447323}, "Patv": {"mean": 410.9565288228384, "std": 461.6043438200725}}