{"Day": {"mean": 115.5, "std": 66.39465339920075}, "Tmstamp": {"mean": 71.5, "std": 41.56821702535083}, "Wspd": {"mean": 5.144860809178684, "std": 3.430551757525418}, "Wdir": {"mean": 0.6178224637681159, "std": 31.27137130240292}, "Etmp": {"mean": 22.241460748792306, "std": 19.612121776379237}, "Itmp": {"mean": 27.659180857487957, "std": 18.576267536186585}, "Ndir": {"mean": 187.806246074878, "std": 162.69959293653602}, "Pab1": {"mean": 26.176202898554745, "std": 38.105171993488035}, "Pab2": {"mean": 26.1766881038688, "std": 38.10614032836831}, "Pab3": {"mean": 26.176904589375997, "std": 38.10685708169661}, "Prtv": {"mean": -14.666000603863095, "std": 75.598291592582}, "Patv": {"mean": 444.4037519648218, "std": 488.4949617240127}}