{"Day": {"mean": 115.5, "std": 66.39465339920075}, "Tmstamp": {"mean": 71.5, "std": 41.56821702535083}, "Wspd": {"mean": 5.0491642512077295, "std": 3.3578912728550683}, "Wdir": {"mean": 0.01800181159420281, "std": 30.289779973419435}, "Etmp": {"mean": 19.623059480676332, "std": 14.827814649471133}, "Itmp": {"mean": 29.110181159420293, "std": 13.116347404997407}, "Ndir": {"mean": 193.58957699275362, "std": 174.48682463666603}, "Pab1": {"mean": 25.47633333333333, "std": 38.084789768522555}, "Pab2": {"mean": 25.475762983091787, "std": 38.08481539425807}, "Pab3": {"mean": 25.475253019323674, "std": 38.08487235825633}, "Prtv": {"mean": -10.885697161835749, "std": 67.11588414641881}, "Patv": {"mean": 388.71282905901046, "std": 443.3244177958493}}