{"Day": {"mean": 115.5, "std": 66.39465339920075}, "Tmstamp": {"mean": 71.5, "std": 41.56821702535083}, "Wspd": {"mean": 5.339481280193265, "std": 3.602900159012098}, "Wdir": {"mean": 0.18894927536231554, "std": 29.32716397174196}, "Etmp": {"mean": 22.636146739130407, "std": 18.59767129941464}, "Itmp": {"mean": 30.528560688405477, "std": 19.443953804454356}, "Ndir": {"mean": 231.266890096608, "std": 156.0578665891648}, "Pab1": {"mean": 23.794149758457937, "std": 37.02103441875195}, "Pab2": {"mean": 23.792471316429094, "std": 37.01911101121819}, "Pab3": {"mean": 23.794021739134305, "std": 37.02068091545126}, "Prtv": {"mean": -14.699840881640773, "std": 73.47004257933219}, "Patv": {"mean": 422.9990268282312, "std": 464.24030133854404}}