{"Day": {"mean": 115.5, "std": 66.39465339920075}, "Tmstamp": {"mean": 71.5, "std": 41.56821702535083}, "Wspd": {"mean": 5.196476449275332, "std": 3.358610378949269}, "Wdir": {"mean": 0.4508731884057989, "std": 28.88970465144026}, "Etmp": {"mean": 22.343438405797478, "std": 16.235136840746012}, "Itmp": {"mean": 36.01482306763242, "std": 15.110710720251092}, "Ndir": {"mean": 202.11655223429887, "std": 161.1846219149164}, "Pab1": {"mean": 24.381381642516327, "std": 37.42684890044337}, "Pab2": {"mean": 24.380905797105644, "std": 37.42635967659806}, "Pab3": {"mean": 24.38099818841002, "std": 37.42679391973069}, "Prtv": {"mean": -15.698342995167485, "std": 77.88353871951549}, "Patv": {"mean": 446.67846206330773, "std": 483.65661666749463}}