{"Day": {"mean": 115.5, "std": 66.39465339920075}, "Tmstamp": {"mean": 71.5, "std": 41.56821702535083}, "Wspd": {"mean": 5.20234722222224, "std": 3.291566005280436}, "Wdir": {"mean": 0.6313919082125584, "std": 29.997226174317746}, "Etmp": {"mean": 23.16957940821263, "std": 17.14014219179953}, "Itmp": {"mean": 29.308002717391602, "std": 16.04103958776212}, "Ndir": {"mean": 196.09375935990252, "std": 157.7563593614145}, "Pab1": {"mean": 23.03474275362721, "std": 36.60174933156219}, "Pab2": {"mean": 23.035194746381, "std": 36.60256484041249}, "Pab3": {"mean": 23.03472916667073, "std": 36.60191699369789}, "Prtv": {"mean": -16.22642240338067, "std": 78.65498364636476}, "Patv": {"mean": 455.12760470888793, "std": 484.91934096372694}}