{"Day": {"mean": 115.5, "std": 66.39465339920075}, "Tmstamp": {"mean": 71.5, "std": 41.56821702535083}, "Wspd": {"mean": 5.090701388888925, "std": 3.3717970120965646}, "Wdir": {"mean": 0.33028985507245795, "std": 31.019790275539332}, "Etmp": {"mean": 18.46232065217384, "std": 25.710251503754467}, "Itmp": {"mean": 28.756291062801967, "std": 24.92519490327012}, "Ndir": {"mean": 201.40879347827217, "std": 151.89037659574174}, "Pab1": {"mean": 25.732371980678355, "std": 38.754104275811656}, "Pab2": {"mean": 25.73472795893798, "std": 38.7574737928722}, "Pab3": {"mean": 25.73387077294806, "std": 38.75625215938666}, "Prtv": {"mean": -9.507392512076928, "std": 60.608603658304304}, "Patv": {"mean": 364.02679963827745, "std": 435.8672725974637}}