{"Day": {"mean": 115.5, "std": 66.39465339920075}, "Tmstamp": {"mean": 71.5, "std": 41.56821702535083}, "Wspd": {"mean": 4.932116847826097, "std": 3.256438626291863}, "Wdir": {"mean": 0.9398517512077285, "std": 30.36686130909932}, "Etmp": {"mean": 16.149572463768017, "std": 11.197453053963502}, "Itmp": {"mean": 26.059696557971293, "std": 15.768185830512515}, "Ndir": {"mean": 196.72244746376063, "std": 168.66304604183136}, "Pab1": {"mean": 29.850361413044332, "std": 38.086358173318594}, "Pab2": {"mean": 29.84628442028937, "std": 38.080829574310606}, "Pab3": {"mean": 29.85119142512003, "std": 38.08714631547158}, "Prtv": {"mean": -5.518000905796501, "std": 53.77990596908243}, "Patv": {"mean": 302.49309961828016, "std": 376.14235809588615}}