{"Day": {"mean": 115.5, "std": 66.39465339920075}, "Tmstamp": {"mean": 71.5, "std": 41.56821702535083}, "Wspd": {"mean": 5.098101751207734, "std": 3.239917077300972}, "Wdir": {"mean": -0.699974033816427, "std": 29.272708384513635}, "Etmp": {"mean": 22.881833635265448, "std": 18.053854292563827}, "Itmp": {"mean": 29.16549818840539, "std": 16.916603916121723}, "Ndir": {"mean": 209.23854861110644, "std": 150.92113430505765}, "Pab1": {"mean": 23.387619565221527, "std": 36.85912430403536}, "Pab2": {"mean": 23.387271135269863, "std": 36.858624180898794}, "Pab3": {"mean": 23.38763013285442, "std": 36.85925193657306}, "Prtv": {"mean": -13.792966787438058, "std": 73.97119881654476}, "Patv": {"mean": 436.5229956000239, "std": 478.554655890936}}