{"Day": {"mean": 115.5, "std": 66.39465339920075}, "Tmstamp": {"mean": 71.5, "std": 41.56821702535083}, "Wspd": {"mean": 5.12757276570049, "std": 3.395844983418471}, "Wdir": {"mean": 0.5293260869565233, "std": 28.94316816835918}, "Etmp": {"mean": 21.84501056763295, "std": 15.775790193577489}, "Itmp": {"mean": 27.65977204106278, "std": 14.68255111915201}, "Ndir": {"mean": 180.60653109902756, "std": 165.61278173420962}, "Pab1": {"mean": 24.263694444450255, "std": 36.32529870049956}, "Pab2": {"mean": 24.266856884064264, "std": 36.33139895903163}, "Pab3": {"mean": 24.245919082131987, "std": 36.29647975938388}, "Prtv": {"mean": -13.991896437196132, "std": 75.3342519642248}, "Patv": {"mean": 436.65687486869996, "std": 479.2141538573249}}