{"Day": {"mean": 115.5, "std": 66.39465339920075}, "Tmstamp": {"mean": 71.5, "std": 41.56821702535083}, "Wspd": {"mean": 4.958619867149761, "std": 3.3336986041447667}, "Wdir": {"mean": 0.6398351449275349, "std": 31.055280952605646}, "Etmp": {"mean": 22.312363828502836, "std": 20.068702608869767}, "Itmp": {"mean": 25.705667270531222, "std": 18.626990928065094}, "Ndir": {"mean": 195.3959160627984, "std": 175.78231984159996}, "Pab1": {"mean": 26.729332125612203, "std": 38.46408769785986}, "Pab2": {"mean": 26.728258152182352, "std": 38.46211916007805}, "Pab3": {"mean": 26.73244595411395, "std": 38.46903772674517}, "Prtv": {"mean": -10.153006038646398, "std": 65.83424982624827}, "Patv": {"mean": 399.9631051277986, "std": 460.88972522393453}}