{"Day": {"mean": 115.5, "std": 66.39465339920075}, "Tmstamp": {"mean": 71.5, "std": 41.56821702535083}, "Wspd": {"mean": 5.357392210144942, "std": 3.573750612166211}, "Wdir": {"mean": -0.1246911231883858, "std": 31.5232828296402}, "Etmp": {"mean": 22.566837560386293, "std": 51.882123685590976}, "Itmp": {"mean": 23.237482185990373, "std": 33.193006106532074}, "Ndir": {"mean": 191.2001452294782, "std": 174.9077414061113}, "Pab1": {"mean": 24.78757820048745, "std": 37.477220307088295}, "Pab2": {"mean": 24.78220048309621, "std": 37.47582089956602}, "Pab3": {"mean": 24.769659118361922, "std": 37.46516708216811}, "Prtv": {"mean": -18.48113164251201, "std": 82.98028000700651}, "Patv": {"mean": 477.597417825221, "std": 505.0537755347506}}