{"Day": {"mean": 115.5, "std": 66.39465339920075}, "Tmstamp": {"mean": 71.5, "std": 41.56821702535083}, "Wspd": {"mean": 5.122913949275373, "std": 3.315985372067278}, "Wdir": {"mean": 0.3567629830917877, "std": 31.33452185306578}, "Etmp": {"mean": 20.95908091787473, "std": 17.942590793885877}, "Itmp": {"mean": 32.429302838163956, "std": 17.343452869415867}, "Ndir": {"mean": 192.3984314613492, "std": 162.61882702129262}, "Pab1": {"mean": 25.685183876816428, "std": 38.37680404392349}, "Pab2": {"mean": 25.698355676333332, "std": 38.38181539529871}, "Pab3": {"mean": 25.694242451695526, "std": 38.37800175304624}, "Prtv": {"mean": -12.34332487922542, "std": 67.72198373411588}, "Patv": {"mean": 397.2933215925728, "std": 451.51115751305264}}