{"Day": {"mean": 115.5, "std": 66.39465339920075}, "Tmstamp": {"mean": 71.5, "std": 41.56821702535083}, "Wspd": {"mean": 5.560032608695652, "std": 3.6168080983365307}, "Wdir": {"mean": 0.9467545289855073, "std": 36.24299552852337}, "Etmp": {"mean": 22.133650664251206, "std": 19.909624980619462}, "Itmp": {"mean": 33.96213164251208, "std": 19.023924268839355}, "Ndir": {"mean": 171.4059190821256, "std": 156.8064259584043}, "Pab1": {"mean": 3.945336654589372, "std": 15.045601791898639}, "Pab2": {"mean": 3.9427515096618357, "std": 15.04592963453836}, "Pab3": {"mean": 3.9498526570048313, "std": 15.04442518372586}, "Prtv": {"mean": -2.7853384661835743, "std": 36.370038080735306}, "Patv": {"mean": 522.7837207549176, "std": 534.0945527149629}}