{"Day": {"mean": 115.5, "std": 66.39465339920075}, "Tmstamp": {"mean": 71.5, "std": 41.56821702535083}, "Wspd": {"mean": 5.593222222222166, "std": 3.580619648744406}, "Wdir": {"mean": 0.7708001207729515, "std": 29.85946443836174}, "Etmp": {"mean": 22.4497626811596, "std": 17.714277186210847}, "Itmp": {"mean": 32.99101147343021, "std": 16.725395221202536}, "Ndir": {"mean": 207.57099245170153, "std": 161.6791235212871}, "Pab1": {"mean": 24.139886775366303, "std": 37.043217416094045}, "Pab2": {"mean": 24.140721920293764, "std": 37.04400684373435}, "Pab3": {"mean": 24.13970350241938, "std": 37.04329142720233}, "Prtv": {"mean": -22.07128532608807, "std": 86.59617884346427}, "Patv": {"mean": 487.50238998408463, "std": 505.81855585345903}}