{"Day": {"mean": 115.5, "std": 66.39465339920075}, "Tmstamp": {"mean": 71.5, "std": 41.56821702535083}, "Wspd": {"mean": 5.113239130434821, "std": 3.3957112057086647}, "Wdir": {"mean": 1.3263680555555575, "std": 31.831714232106982}, "Etmp": {"mean": 22.345374999999805, "std": 21.60575219996471}, "Itmp": {"mean": 25.137299214975844, "std": 20.962252100944845}, "Ndir": {"mean": 201.88004830917492, "std": 171.35066690128986}, "Pab1": {"mean": 26.092813103865012, "std": 38.46850739793989}, "Pab2": {"mean": 26.055048309181014, "std": 38.41250851318372}, "Pab3": {"mean": 26.085208031400494, "std": 38.461896899040845}, "Prtv": {"mean": -13.024188405795353, "std": 67.96361730610361}, "Patv": {"mean": 411.9960466783991, "std": 451.97264642484873}}