{"Day": {"mean": 115.5, "std": 66.39465339920075}, "Tmstamp": {"mean": 71.5, "std": 41.56821702535083}, "Wspd": {"mean": 4.9613499396135, "std": 3.2233690355180338}, "Wdir": {"mean": 0.9592946859903455, "std": 30.623640378635}, "Etmp": {"mean": 21.452558574879426, "std": 23.322620451437647}, "Itmp": {"mean": 22.964492149758733, "std": 23.012171037370607}, "Ndir": {"mean": 178.33061020531173, "std": 169.61436743830728}, "Pab1": {"mean": 24.657492753624805, "std": 36.813705011650626}, "Pab2": {"mean": 24.656600543480018, "std": 36.81240841517764}, "Pab3": {"mean": 24.656527777779687, "std": 36.812444654326455}, "Prtv": {"mean": -12.816828200481005, "std": 70.26937037695512}, "Patv": {"mean": 407.0566292845089, "std": 459.67801581072223}}