{"Day": {"mean": 115.5, "std": 66.39465339920075}, "Tmstamp": {"mean": 71.5, "std": 41.56821702535083}, "Wspd": {"mean": 5.0533432971014465, "std": 3.3675194137097506}, "Wdir": {"mean": 2.1260628019323664, "std": 32.59453557783441}, "Etmp": {"mean": 20.73219293478258, "std": 30.18730827707768}, "Itmp": {"mean": 27.823242451690945, "std": 30.10546975961786}, "Ndir": {"mean": 231.19261080917497, "std": 145.84267194626864}, "Pab1": {"mean": 28.587226449280067, "std": 39.37208957283594}, "Pab2": {"mean": 27.504699577299018, "std": 38.92484247615847}, "Pab3": {"mean": 27.12764009662246, "std": 38.75921146302014}, "Prtv": {"mean": -12.853204408210713, "std": 68.02124892667365}, "Patv": {"mean": 411.4596953379858, "std": 459.7059405828871}}