{"Day": {"mean": 115.5, "std": 66.39465339920075}, "Tmstamp": {"mean": 71.5, "std": 41.56821702535083}, "Wspd": {"mean": 4.90833816425126, "std": 3.1863112509704035}, "Wdir": {"mean": 0.5457192028985537, "std": 30.411264875147936}, "Etmp": {"mean": 22.150131944444016, "std": 14.361279111804722}, "Itmp": {"mean": 31.53149909420269, "std": 13.023922757049172}, "Ndir": {"mean": 206.40035024155296, "std": 152.41035912901472}, "Pab1": {"mean": 24.00955917874867, "std": 37.29731535535155}, "Pab2": {"mean": 24.017920893724526, "std": 37.30490208881237}, "Pab3": {"mean": 24.01718689613993, "std": 37.304345889783605}, "Prtv": {"mean": -12.566103864732613, "std": 70.18622062660643}, "Patv": {"mean": 399.5494043913003, "std": 453.23080506544204}}