{"Day": {"mean": 115.5, "std": 66.39465339920075}, "Tmstamp": {"mean": 71.5, "std": 41.56821702535083}, "Wspd": {"mean": 4.7876394927535815, "std": 3.15619171422509}, "Wdir": {"mean": 0.8814604468599032, "std": 31.014289820490717}, "Etmp": {"mean": 22.15948188405763, "std": 18.971344043957554}, "Itmp": {"mean": 25.560815519323707, "std": 18.21058943910372}, "Ndir": {"mean": 172.41865791062781, "std": 171.27506733911346}, "Pab1": {"mean": 28.28823158213196, "std": 36.909091090875705}, "Pab2": {"mean": 28.351020833335948, "std": 36.99858880819811}, "Pab3": {"mean": 28.34497826087258, "std": 36.98993756474653}, "Prtv": {"mean": -8.722526570047759, "std": 63.925472590056174}, "Patv": {"mean": 365.1323359175984, "std": 425.43219883370006}}