{"Day": {"mean": 115.5, "std": 66.39465339920075}, "Tmstamp": {"mean": 71.5, "std": 41.56821702535083}, "Wspd": {"mean": 4.491038043478216, "std": 3.014861983766675}, "Wdir": {"mean": 0.6826286231884047, "std": 32.225463088568965}, "Etmp": {"mean": 24.019589070048212, "std": 16.88280154561426}, "Itmp": {"mean": 25.771818236715283, "std": 16.195401208898836}, "Ndir": {"mean": 169.69614734299424, "std": 166.67535535745367}, "Pab1": {"mean": 27.36784480676786, "std": 39.02055986215147}, "Pab2": {"mean": 27.36941364734776, "std": 39.02242045992011}, "Pab3": {"mean": 27.370146739135034, "std": 39.02240172389619}, "Prtv": {"mean": -13.081875603862363, "std": 70.52765298939605}, "Patv": {"mean": 415.36251601655005, "std": 465.35896181840224}}