{"Day": {"mean": 115.5, "std": 66.39465339920075}, "Tmstamp": {"mean": 71.5, "std": 41.56821702535083}, "Wspd": {"mean": 5.010420893719818, "std": 3.352240862813578}, "Wdir": {"mean": 0.655091485507251, "std": 29.462288701270264}, "Etmp": {"mean": 21.988773248792487, "std": 23.63943152096871}, "Itmp": {"mean": 27.20554045893731, "std": 23.38584708094663}, "Ndir": {"mean": 188.6347551328582, "std": 155.94279968973453}, "Pab1": {"mean": 25.816448973434504, "std": 38.21543474911038}, "Pab2": {"mean": 25.815684782613335, "std": 38.21463837783334}, "Pab3": {"mean": 25.816518115946742, "std": 38.215236357153884}, "Prtv": {"mean": -20.4224592391315, "std": 66.3345286554771}, "Patv": {"mean": 445.48828226027166, "std": 489.0348267205502}}