{"Day": {"mean": 115.5, "std": 66.39465339920075}, "Tmstamp": {"mean": 71.5, "std": 41.56821702535083}, "Wspd": {"mean": 5.19574396135266, "std": 3.524414690282865}, "Wdir": {"mean": 0.4755872584541108, "std": 30.831927559207614}, "Etmp": {"mean": 22.281615942028886, "std": 17.120491898883927}, "Itmp": {"mean": 24.41938194444465, "std": 16.267173415173822}, "Ndir": {"mean": 194.8624746376914, "std": 173.15948707164867}, "Pab1": {"mean": 28.50859993961752, "std": 38.91972203906639}, "Pab2": {"mean": 28.48807820048692, "std": 38.90942776907731}, "Pab3": {"mean": 28.15969172705683, "std": 38.4196182641743}, "Prtv": {"mean": -12.350058876810428, "std": 68.48921516028878}, "Patv": {"mean": 403.3892520027407, "std": 449.1074865811853}}