{"Day": {"mean": 115.5, "std": 66.39465339920075}, "Tmstamp": {"mean": 71.5, "std": 41.56821702535083}, "Wspd": {"mean": 4.965585748792277, "std": 3.3142550187943374}, "Wdir": {"mean": 0.5750486111111143, "std": 29.870104000469272}, "Etmp": {"mean": 21.372798309178794, "std": 19.43136563114988}, "Itmp": {"mean": 27.367899758454485, "std": 18.436363247449002}, "Ndir": {"mean": 150.1794942632877, "std": 167.68196508740874}, "Pab1": {"mean": 25.31306491546334, "std": 38.063740923419424}, "Pab2": {"mean": 25.30575935990792, "std": 38.05346583564506}, "Pab3": {"mean": 25.313833333337804, "std": 38.06499654525022}, "Prtv": {"mean": -11.34896165458825, "std": 70.60378888814674}, "Patv": {"mean": 421.0155682048245, "std": 473.9762520795312}}