{"Day": {"mean": 115.5, "std": 66.39465339920075}, "Tmstamp": {"mean": 71.5, "std": 41.56821702535083}, "Wspd": {"mean": 5.340224335748842, "std": 3.497701711046302}, "Wdir": {"mean": 1.063319444444447, "std": 29.447435225713345}, "Etmp": {"mean": 23.066535326087426, "std": 15.304607682468522}, "Itmp": {"mean": 31.05544414251183, "std": 17.578290550721405}, "Ndir": {"mean": 160.92594323670664, "std": 166.39078139469825}, "Pab1": {"mean": 24.584357789856803, "std": 37.391009351102376}, "Pab2": {"mean": 24.584391908214187, "std": 37.39131570667401}, "Pab3": {"mean": 24.584046497586144, "std": 37.390960286786104}, "Prtv": {"mean": -17.57552234299466, "std": 82.06692909379203}, "Patv": {"mean": 461.69245489889, "std": 488.27545017906186}}