{"Day": {"mean": 115.5, "std": 66.39465339920075}, "Tmstamp": {"mean": 71.5, "std": 41.56821702535083}, "Wspd": {"mean": 5.156893719806807, "std": 3.387624728196895}, "Wdir": {"mean": 0.12446588164251234, "std": 29.821112094765656}, "Etmp": {"mean": 22.07719172705341, "std": 20.67007142704114}, "Itmp": {"mean": 31.623769927535943, "std": 21.092414636161887}, "Ndir": {"mean": 156.4063445048336, "std": 177.87048217037514}, "Pab1": {"mean": 25.633815519327978, "std": 37.897710170127255}, "Pab2": {"mean": 25.62815791063223, "std": 37.89630693926609}, "Pab3": {"mean": 24.800986714979878, "std": 37.47346207850675}, "Prtv": {"mean": -13.645975241544212, "std": 77.00889009235901}, "Patv": {"mean": 444.22890060975163, "std": 482.05468409936435}}