{"Day": {"mean": 115.5, "std": 66.39465339920075}, "Tmstamp": {"mean": 71.5, "std": 41.56821702535083}, "Wspd": {"mean": 4.48326570048305, "std": 3.032795836386036}, "Wdir": {"mean": 0.2715123792270541, "std": 32.05409011502606}, "Etmp": {"mean": 22.51725452898522, "std": 16.20389167397993}, "Itmp": {"mean": 32.439660628019496, "std": 15.579779253885508}, "Ndir": {"mean": 190.78575694444444, "std": 171.64781352770453}, "Pab1": {"mean": 27.191177234304003, "std": 38.751194866881505}, "Pab2": {"mean": 27.192377415463397, "std": 38.7524278591109}, "Pab3": {"mean": 27.190637077299286, "std": 38.75007948080828}, "Prtv": {"mean": -10.588774758452946, "std": 67.59054245563888}, "Patv": {"mean": 385.7613464177535, "std": 444.3011061961589}}