{"Day": {"mean": 115.5, "std": 66.39465339920075}, "Tmstamp": {"mean": 71.5, "std": 41.56821702535083}, "Wspd": {"mean": 4.77920048309177, "std": 3.127277599131339}, "Wdir": {"mean": 0.4931410024154588, "std": 30.467814576742494}, "Etmp": {"mean": 22.496741545894206, "std": 15.35334624137678}, "Itmp": {"mean": 24.223923611111385, "std": 14.300376443504208}, "Ndir": {"mean": 207.98388798309222, "std": 156.4528922802986}, "Pab1": {"mean": 25.33389704106751, "std": 37.99926054832962}, "Pab2": {"mean": 25.333648852661575, "std": 37.99950367744498}, "Pab3": {"mean": 25.332715881647218, "std": 37.99962347361665}, "Prtv": {"mean": -11.9629803743945, "std": 66.85075909040829}, "Patv": {"mean": 401.19650801622953, "std": 454.7183483666104}}