{"Day": {"mean": 115.5, "std": 66.39465339920075}, "Tmstamp": {"mean": 71.5, "std": 41.56821702535083}, "Wspd": {"mean": 5.134758756038613, "std": 3.399818658458134}, "Wdir": {"mean": 0.708772041062803, "std": 29.772334135434374}, "Etmp": {"mean": 19.82435175120751, "std": 31.05619088752025}, "Itmp": {"mean": 25.96111413043491, "std": 31.57818236641695}, "Ndir": {"mean": 179.25616998792776, "std": 174.44348878958507}, "Pab1": {"mean": 25.677824577298967, "std": 37.91084387053201}, "Pab2": {"mean": 25.881611413047665, "std": 38.01289519462832}, "Pab3": {"mean": 26.09819987923133, "std": 38.12133026453532}, "Prtv": {"mean": -15.85045954106186, "std": 74.73940030328184}, "Patv": {"mean": 431.2913763565143, "std": 470.3970878327996}}