{"Day": {"mean": 115.5, "std": 66.39465339920075}, "Tmstamp": {"mean": 71.5, "std": 41.56821702535083}, "Wspd": {"mean": 5.5316201690821085, "std": 3.6592850444981475}, "Wdir": {"mean": 0.12797795893719338, "std": 28.826962194487866}, "Etmp": {"mean": 23.509689311594293, "std": 18.348984598121373}, "Itmp": {"mean": 31.42474214975837, "std": 17.690542318711763}, "Ndir": {"mean": 167.3138988526538, "std": 177.28965916903965}, "Pab1": {"mean": 24.968910628023878, "std": 37.785699577207694}, "Pab2": {"mean": 24.96873792270967, "std": 37.785755532006284}, "Pab3": {"mean": 24.968614734303895, "std": 37.785760468381326}, "Prtv": {"mean": -18.878631038647057, "std": 71.34863613910515}, "Patv": {"mean": 437.6625989501231, "std": 475.2588830941452}}