{"Day": {"mean": 115.5, "std": 66.39465339920075}, "Tmstamp": {"mean": 71.5, "std": 41.56821702535083}, "Wspd": {"mean": 5.099587560386433, "std": 3.2892276478692013}, "Wdir": {"mean": 0.17636654589372586, "std": 30.648081307393113}, "Etmp": {"mean": 391.70365670319234, "std": 35.75210520042799}, "Itmp": {"mean": 24.122697161836083, "std": 18.809826571209165}, "Ndir": {"mean": 158.59836201691598, "std": 168.71042030767933}, "Pab1": {"mean": 24.356712258459527, "std": 37.65277203023418}, "Pab2": {"mean": 24.37843357488416, "std": 37.66409830257972}, "Pab3": {"mean": 24.384375905802223, "std": 37.67310758164863}, "Prtv": {"mean": -16.01509329710024, "std": 66.29660456667018}, "Patv": {"mean": 398.4613496190283, "std": 453.6768234595497}}