{"Day": {"mean": 115.5, "std": 66.39465339920075}, "Tmstamp": {"mean": 71.5, "std": 41.56821702535083}, "Wspd": {"mean": 5.281583031400941, "std": 3.3325215474443413}, "Wdir": {"mean": 0.5977306763285006, "std": 30.804776141029894}, "Etmp": {"mean": 22.379475241545883, "std": 15.615664104517263}, "Itmp": {"mean": 25.311402475845565, "std": 14.736893406727512}, "Ndir": {"mean": 198.9608768115854, "std": 164.38654850364026}, "Pab1": {"mean": 28.491526871985613, "std": 38.687593211113345}, "Pab2": {"mean": 28.487691425125714, "std": 38.683966703113406}, "Pab3": {"mean": 28.48992723430413, "std": 38.68465631160084}, "Prtv": {"mean": -8.262873490337139, "std": 61.43341095203863}, "Patv": {"mean": 364.9008823382533, "std": 421.2951790451436}}