{"Day": {"mean": 115.5, "std": 66.39465339920075}, "Tmstamp": {"mean": 71.5, "std": 41.56821702535083}, "Wspd": {"mean": 5.2492089371980235, "std": 3.5278899007760063}, "Wdir": {"mean": 0.26060718599033367, "std": 30.174562802512014}, "Etmp": {"mean": 24.73147071256037, "std": 23.721534961163268}, "Itmp": {"mean": 27.99028562801954, "std": 23.173975989613893}, "Ndir": {"mean": 227.77256884059398, "std": 152.33702709530021}, "Pab1": {"mean": 24.447980072468418, "std": 37.62184235440088}, "Pab2": {"mean": 24.447433272951486, "std": 37.6214627969989}, "Pab3": {"mean": 24.443305253627795, "std": 37.62008260966181}, "Prtv": {"mean": -12.170549818839122, "std": 70.4980564547065}, "Patv": {"mean": 412.80105131028773, "std": 465.70244106907165}}