{"Day": {"mean": 115.5, "std": 66.39465339920075}, "Tmstamp": {"mean": 71.5, "std": 41.56821702535083}, "Wspd": {"mean": 5.4550199275361875, "std": 3.5103207011216777}, "Wdir": {"mean": 1.5937056159420173, "std": 30.27616316659492}, "Etmp": {"mean": 22.152895229468633, "std": 21.50015642600996}, "Itmp": {"mean": 34.77033665458956, "std": 21.2986124432849}, "Ndir": {"mean": 193.14365609903183, "std": 171.31315472897575}, "Pab1": {"mean": 24.32609812802355, "std": 37.23127498294574}, "Pab2": {"mean": 24.628060084545158, "std": 37.39274545228773}, "Pab3": {"mean": 24.626724335752463, "std": 37.390439524907904}, "Prtv": {"mean": -19.901153381642708, "std": 88.39004275714919}, "Patv": {"mean": 491.20279663910674, "std": 509.28034585690796}}