{"Day": {"mean": 115.5, "std": 66.39465339920075}, "Tmstamp": {"mean": 71.5, "std": 41.56821702535083}, "Wspd": {"mean": 5.512074879227053, "std": 3.565504413325888}, "Wdir": {"mean": 1.0609743357487915, "std": 29.265096049443812}, "Etmp": {"mean": 21.630557971014895, "std": 17.425904434114358}, "Itmp": {"mean": 25.92787107487925, "std": 16.484756709573684}, "Ndir": {"mean": 192.51092874395914, "std": 177.70059600963884}, "Pab1": {"mean": 23.939634661839836, "std": 36.95968631486776}, "Pab2": {"mean": 23.94039009662245, "std": 36.96039117400259}, "Pab3": {"mean": 23.94045380435187, "std": 36.960642644421725}, "Prtv": {"mean": -22.631174214976912, "std": 87.16604921977586}, "Patv": {"mean": 478.3167589340246, "std": 489.5756034601278}}