{"Day": {"mean": 115.5, "std": 66.39465339920075}, "Tmstamp": {"mean": 71.5, "std": 41.56821702535083}, "Wspd": {"mean": 5.69899094202897, "std": 3.633595770992046}, "Wdir": {"mean": 0.23786352657004806, "std": 27.70837263069186}, "Etmp": {"mean": 22.001628623188797, "std": 15.466239747231297}, "Itmp": {"mean": 29.33915489130426, "std": 14.657024586718453}, "Ndir": {"mean": 178.14494806762332, "std": 185.7414576991944}, "Pab1": {"mean": 22.595145833337615, "std": 36.12543029477624}, "Pab2": {"mean": 22.555800724642015, "std": 36.07590061888444}, "Pab3": {"mean": 22.606539855076715, "std": 36.132973775659565}, "Prtv": {"mean": -20.855897644928877, "std": 74.62793641086162}, "Patv": {"mean": 447.4111814350075, "std": 467.22655839278275}}