{"Day": {"mean": 115.5, "std": 66.39465339920075}, "Tmstamp": {"mean": 71.5, "std": 41.56821702535083}, "Wspd": {"mean": 5.806260567632855, "std": 3.786908329653776}, "Wdir": {"mean": 0.48747101449275776, "std": 30.689632688947192}, "Etmp": {"mean": 23.532765700482965, "std": 15.489122511406617}, "Itmp": {"mean": 24.489037137681102, "std": 14.165496592764871}, "Ndir": {"mean": 177.02090730676852, "std": 168.3452671551002}, "Pab1": {"mean": 28.726739130439583, "std": 39.029464167637016}, "Pab2": {"mean": 28.726752717396153, "std": 39.02931992868534}, "Pab3": {"mean": 28.726701992758443, "std": 39.02948246138294}, "Prtv": {"mean": -10.318710446858802, "std": 63.55691472266454}, "Patv": {"mean": 366.8499833073981, "std": 413.651335864451}}