{"Day": {"mean": 115.5, "std": 66.39465339920075}, "Tmstamp": {"mean": 71.5, "std": 41.56821702535083}, "Wspd": {"mean": 4.953147946859842, "std": 3.2588836602743805}, "Wdir": {"mean": 0.6946953502415459, "std": 30.250761682392493}, "Etmp": {"mean": 22.104805857488127, "std": 19.290320462272938}, "Itmp": {"mean": 27.539353260869348, "std": 18.478391318429022}, "Ndir": {"mean": 167.8491449275354, "std": 177.39124464768787}, "Pab1": {"mean": 25.908647041067447, "std": 38.49632038829853}, "Pab2": {"mean": 25.906275664255926, "std": 38.49700500087408}, "Pab3": {"mean": 25.907704710149396, "std": 38.49607142863765}, "Prtv": {"mean": -11.26704800724587, "std": 65.45813074196039}, "Patv": {"mean": 394.68244898212896, "std": 449.45478158440864}}