{"Day": {"mean": 115.5, "std": 66.39465339920075}, "Tmstamp": {"mean": 71.5, "std": 41.56821702535083}, "Wspd": {"mean": 4.636817028985506, "std": 3.091788454431541}, "Wdir": {"mean": 1.4638327294686029, "std": 31.870006657893864}, "Etmp": {"mean": 22.017648550724758, "std": 19.589890712407577}, "Itmp": {"mean": 29.462864734299327, "std": 20.521581013373996}, "Ndir": {"mean": 195.53415006038435, "std": 168.10644818757632}, "Pab1": {"mean": 26.477598429956178, "std": 38.61756100158176}, "Pab2": {"mean": 26.478205917879, "std": 38.618631761418214}, "Pab3": {"mean": 26.478105072468317, "std": 38.6196790155063}, "Prtv": {"mean": -12.945221014490517, "std": 71.8164752636823}, "Patv": {"mean": 411.6465915706179, "std": 459.1888401449063}}