{"Day": {"mean": 115.5, "std": 66.39465339920075}, "Tmstamp": {"mean": 71.5, "std": 41.56821702535083}, "Wspd": {"mean": 4.605260869565161, "std": 3.1940675645746217}, "Wdir": {"mean": 8.828946256038472, "std": 39.70277130511617}, "Etmp": {"mean": 25.026276570049117, "std": 14.526142799325832}, "Itmp": {"mean": 24.431524154588136, "std": 13.324627207287369}, "Ndir": {"mean": 214.06269535024296, "std": 163.78914426266488}, "Pab1": {"mean": 29.72408846618668, "std": 40.68019777646113}, "Pab2": {"mean": 29.710183574883082, "std": 40.66245292135106}, "Pab3": {"mean": 29.72468750000344, "std": 40.6805960919036}, "Prtv": {"mean": -9.463092693236469, "std": 63.017285937035346}, "Patv": {"mean": 354.40591200079314, "std": 438.29939684188133}}