{"Day": {"mean": 115.5, "std": 66.39465339920075}, "Tmstamp": {"mean": 71.5, "std": 41.56821702535083}, "Wspd": {"mean": 5.054412439613532, "std": 3.3516612911825345}, "Wdir": {"mean": 0.8896331521739095, "std": 30.914992932371025}, "Etmp": {"mean": 22.850173611111163, "std": 18.986355058696976}, "Itmp": {"mean": 32.389125905797194, "std": 18.201523166470494}, "Ndir": {"mean": 192.43408846617552, "std": 161.14531610507873}, "Pab1": {"mean": 27.078268417878842, "std": 38.7617886479051}, "Pab2": {"mean": 27.07766485507713, "std": 38.760498311476816}, "Pab3": {"mean": 26.984681159424646, "std": 38.71813286091806}, "Prtv": {"mean": -12.95895078502315, "std": 74.94702922308583}, "Patv": {"mean": 440.6745742086058, "std": 481.3551916932355}}