{"Day": {"mean": 115.5, "std": 66.39465339920075}, "Tmstamp": {"mean": 71.5, "std": 41.56821702535083}, "Wspd": {"mean": 5.348772041062827, "std": 3.4803309245199676}, "Wdir": {"mean": 0.5442608695652177, "std": 29.347126487971803}, "Etmp": {"mean": 38.54663013285008, "std": 24.14722130896464}, "Itmp": {"mean": 29.41226056763276, "std": 22.282539385829}, "Ndir": {"mean": 203.8338580917992, "std": 179.8288862723647}, "Pab1": {"mean": 24.789053442033087, "std": 37.57465525659307}, "Pab2": {"mean": 24.769747886477557, "std": 37.563737882535264}, "Pab3": {"mean": 24.710797705318228, "std": 37.53485875439994}, "Prtv": {"mean": -19.12837530193249, "std": 85.64462100052631}, "Patv": {"mean": 498.56966003181657, "std": 517.334606890499}}