{"Day": {"mean": 115.5, "std": 66.39465339920075}, "Tmstamp": {"mean": 71.5, "std": 41.56821702535083}, "Wspd": {"mean": 5.125038647342973, "std": 3.36309249557191}, "Wdir": {"mean": 0.3249634661835767, "std": 32.35335714505392}, "Etmp": {"mean": 18.140075181159574, "std": 19.611020037663945}, "Itmp": {"mean": 29.001128623188627, "std": 19.094858765028995}, "Ndir": {"mean": 210.05788737923197, "std": 152.03351089868428}, "Pab1": {"mean": 25.578242149763, "std": 38.084151650924404}, "Pab2": {"mean": 25.442323973434362, "std": 38.01686169187483}, "Pab3": {"mean": 25.5752971014538, "std": 38.0820415134943}, "Prtv": {"mean": -27.026758454109174, "std": 64.84916330597511}, "Patv": {"mean": 413.6105249336531, "std": 465.510091981582}}