{"Day": {"mean": 115.5, "std": 66.39465339920075}, "Tmstamp": {"mean": 71.5, "std": 41.56821702535083}, "Wspd": {"mean": 5.299010869565246, "std": 3.5075052242915405}, "Wdir": {"mean": 0.3799501811594214, "std": 28.85683006533509}, "Etmp": {"mean": 20.882204710145125, "std": 28.761213018680753}, "Itmp": {"mean": 33.47923490338211, "std": 29.23679224865002}, "Ndir": {"mean": 192.61123278985048, "std": 168.11180742043467}, "Pab1": {"mean": 25.202984299520896, "std": 37.60417088812806}, "Pab2": {"mean": 25.202560990342313, "std": 37.60527313181153}, "Pab3": {"mean": 25.203493357492004, "std": 37.605041178887824}, "Prtv": {"mean": -15.537070954105026, "std": 79.89369818207169}, "Patv": {"mean": 450.040379997475, "std": 489.36134304814397}}