{"Day": {"mean": 115.5, "std": 66.39465339920075}, "Tmstamp": {"mean": 71.5, "std": 41.56821702535083}, "Wspd": {"mean": 5.3836050724637845, "std": 3.6537355303739014}, "Wdir": {"mean": 0.26997946859902944, "std": 30.587232531413097}, "Etmp": {"mean": 22.228095108695722, "std": 20.961899948144094}, "Itmp": {"mean": 27.295395833333668, "std": 20.267072615841258}, "Ndir": {"mean": 192.6117439613518, "std": 135.60963064290695}, "Pab1": {"mean": 23.659927838168485, "std": 36.931414993005205}, "Pab2": {"mean": 23.626458937202347, "std": 36.913335545762635}, "Pab3": {"mean": 23.648903381646882, "std": 36.92190016996723}, "Prtv": {"mean": -11.316326388888244, "std": 71.49495577902718}, "Patv": {"mean": 408.59207368458465, "std": 461.61345604452504}}