{"Day": {"mean": 115.5, "std": 66.39465339920075}, "Tmstamp": {"mean": 71.5, "std": 41.56821702535083}, "Wspd": {"mean": 5.861455615941946, "std": 3.7907216911502695}, "Wdir": {"mean": 0.5903043478260848, "std": 29.889940387809602}, "Etmp": {"mean": 20.598860205314246, "std": 29.698694592886177}, "Itmp": {"mean": 29.95945621980664, "std": 29.751559808349356}, "Ndir": {"mean": 219.45273852657556, "std": 162.67294899325424}, "Pab1": {"mean": 25.01978109903772, "std": 37.72801601783948}, "Pab2": {"mean": 25.016359903385414, "std": 37.727240020972204}, "Pab3": {"mean": 25.01501660628409, "std": 37.729274216986134}, "Prtv": {"mean": -20.933622584542483, "std": 78.86074538389757}, "Patv": {"mean": 486.8320692177973, "std": 508.7192106797641}}