{"Day": {"mean": 115.5, "std": 66.39465339920075}, "Tmstamp": {"mean": 71.5, "std": 41.56821702535083}, "Wspd": {"mean": 5.09677022946852, "std": 3.360455709098018}, "Wdir": {"mean": 0.26897946859903504, "std": 30.069471217042228}, "Etmp": {"mean": 23.558692934782627, "std": 16.57932887263722}, "Itmp": {"mean": 28.66500452898536, "std": 17.274049967583835}, "Ndir": {"mean": 187.69885990338565, "std": 172.19956917631723}, "Pab1": {"mean": 24.152400664255925, "std": 37.16500236737428}, "Pab2": {"mean": 24.151572765704792, "std": 37.1648891330904}, "Pab3": {"mean": 24.149565821260584, "std": 37.16390376882368}, "Prtv": {"mean": -13.18656974637548, "std": 74.4753428603022}, "Patv": {"mean": 437.57218111128395, "std": 485.9847699108016}}