{"Day": {"mean": 115.5, "std": 66.39465339920075}, "Tmstamp": {"mean": 71.5, "std": 41.56821702535083}, "Wspd": {"mean": 5.047610809178717, "std": 3.2591451629740864}, "Wdir": {"mean": 0.09279468599033296, "std": 29.6049452016082}, "Etmp": {"mean": 22.803072765700648, "std": 16.89121791531276}, "Itmp": {"mean": 33.027892512076406, "std": 16.169573555238106}, "Ndir": {"mean": 194.06873248792488, "std": 165.93397040411972}, "Pab1": {"mean": 25.96604710145362, "std": 38.263990901691116}, "Pab2": {"mean": 25.96591817633276, "std": 38.2642178196878}, "Pab3": {"mean": 25.965684782612907, "std": 38.263452895869285}, "Prtv": {"mean": -14.771310990336472, "std": 75.17504851806986}, "Patv": {"mean": 445.4809988099031, "std": 481.9947358175161}}