{"Day": {"mean": 115.5, "std": 66.39465339920075}, "Tmstamp": {"mean": 71.5, "std": 41.56821702535083}, "Wspd": {"mean": 5.134342391304296, "std": 3.391676302719674}, "Wdir": {"mean": 0.21658031400965833, "std": 29.548017135794375}, "Etmp": {"mean": 23.159400664251155, "std": 14.225360686914218}, "Itmp": {"mean": 29.874474637681395, "std": 12.894719927654121}, "Ndir": {"mean": 172.18990187197647, "std": 167.81252057177383}, "Pab1": {"mean": 25.39781431159842, "std": 37.807406603127795}, "Pab2": {"mean": 25.39902536232303, "std": 37.809025586187495}, "Pab3": {"mean": 25.397954710149055, "std": 37.808101234481285}, "Prtv": {"mean": -13.948774154587502, "std": 76.18652000578322}, "Patv": {"mean": 443.04284458751243, "std": 485.4148303320515}}