{"Day": {"mean": 115.5, "std": 66.39465339920075}, "Tmstamp": {"mean": 71.5, "std": 41.56821702535083}, "Wspd": {"mean": 5.176369867149775, "std": 3.3472790857729744}, "Wdir": {"mean": 1.124236413043477, "std": 30.100792424853818}, "Etmp": {"mean": 20.21121557971026, "std": 27.055467014788366}, "Itmp": {"mean": 27.66157246376804, "std": 27.07034238295234}, "Ndir": {"mean": 193.43303864735446, "std": 157.41746665327776}, "Pab1": {"mean": 25.292716787444107, "std": 37.75624314818184}, "Pab2": {"mean": 25.297503623192956, "std": 37.75790803571472}, "Pab3": {"mean": 25.29740609903826, "std": 37.75899740829551}, "Prtv": {"mean": -11.600041364732459, "std": 66.27397024382883}, "Patv": {"mean": 398.0911944688481, "std": 455.86269981156585}}