{"Day": {"mean": 115.5, "std": 66.39465339920075}, "Tmstamp": {"mean": 71.5, "std": 41.56821702535083}, "Wspd": {"mean": 5.308181763285072, "std": 3.4874892269749944}, "Wdir": {"mean": 0.8385003019323501, "std": 31.611730248530336}, "Etmp": {"mean": 20.48893448067642, "std": 29.66847742534915}, "Itmp": {"mean": 31.41614009661822, "std": 29.811704632717433}, "Ndir": {"mean": 169.31915307970795, "std": 159.76913416022472}, "Pab1": {"mean": 26.701555253627888, "std": 38.554055321339874}, "Pab2": {"mean": 26.663034118362184, "std": 38.539465427627505}, "Pab3": {"mean": 26.684878925125446, "std": 38.535206522799335}, "Prtv": {"mean": -31.34032336956795, "std": 66.0686295689382}, "Patv": {"mean": 464.0595821874773, "std": 498.8531679403652}}