{"Day": {"mean": 115.5, "std": 66.39465339920075}, "Tmstamp": {"mean": 71.5, "std": 41.56821702535083}, "Wspd": {"mean": 5.081585446859887, "std": 3.371579845358671}, "Wdir": {"mean": 0.900022342995168, "std": 29.05580141564324}, "Etmp": {"mean": 21.361673309178844, "std": 24.718446088395506}, "Itmp": {"mean": 30.54775513284994, "std": 25.10388599445851}, "Ndir": {"mean": 171.05328502415682, "std": 169.56062917586513}, "Pab1": {"mean": 24.284024456525948, "std": 37.318689778663035}, "Pab2": {"mean": 24.284020531405133, "std": 37.31883726470404}, "Pab3": {"mean": 24.282368961356816, "std": 37.31675477741014}, "Prtv": {"mean": -49.09912741546587, "std": 65.0233424136338}, "Patv": {"mean": 438.3337410790231, "std": 473.9573751021728}}