{"Day": {"mean": 115.5, "std": 66.39465339920075}, "Tmstamp": {"mean": 71.5, "std": 41.56821702535083}, "Wspd": {"mean": 4.960585446859876, "std": 3.271756085790811}, "Wdir": {"mean": 0.7687581521739212, "std": 30.080365423685137}, "Etmp": {"mean": 23.03251117149759, "std": 19.027119599852337}, "Itmp": {"mean": 31.07674577294708, "std": 18.7748976031251}, "Ndir": {"mean": 190.79598158212698, "std": 160.07120148707537}, "Pab1": {"mean": 25.493302838168603, "std": 37.97229974363294}, "Pab2": {"mean": 25.486093599038313, "std": 37.96816742645637}, "Pab3": {"mean": 25.49068297101884, "std": 37.971918306686355}, "Prtv": {"mean": -12.467804045892095, "std": 68.88135475645812}, "Patv": {"mean": 401.47812354220315, "std": 447.1256786746107}}