{"Day": {"mean": 115.5, "std": 66.39465339920075}, "Tmstamp": {"mean": 71.5, "std": 41.56821702535083}, "Wspd": {"mean": 4.9757596618356565, "std": 3.2889764758451636}, "Wdir": {"mean": -0.023053442028981973, "std": 33.14605243448904}, "Etmp": {"mean": 393.3345483092458, "std": 24.976131909806227}, "Itmp": {"mean": 24.232197161835714, "std": 15.276968811159524}, "Ndir": {"mean": 173.22875543477906, "std": 143.98820481832078}, "Pab1": {"mean": 25.458023550728125, "std": 36.47771269610188}, "Pab2": {"mean": 25.46103170290333, "std": 36.47692502247981}, "Pab3": {"mean": 25.460673611116203, "std": 36.47729677338277}, "Prtv": {"mean": -11.45162832125496, "std": 67.39032058395094}, "Patv": {"mean": 400.70932702498567, "std": 454.51671192974436}}