{"Day": {"mean": 115.5, "std": 66.39465339920075}, "Tmstamp": {"mean": 71.5, "std": 41.56821702535083}, "Wspd": {"mean": 4.488910628019339, "std": 3.2309409314314554}, "Wdir": {"mean": 2.1123659420289753, "std": 34.64727057578425}, "Etmp": {"mean": 20.977321557971248, "std": 18.173309851953277}, "Itmp": {"mean": 28.422163949275397, "std": 17.475193430721028}, "Ndir": {"mean": 188.7324544082187, "std": 177.57703116985496}, "Pab1": {"mean": 28.736227958941775, "std": 39.691822459834}, "Pab2": {"mean": 28.734107789859607, "std": 39.68968041513976}, "Pab3": {"mean": 28.736207125608274, "std": 39.6919075814731}, "Prtv": {"mean": -17.33399396135163, "std": 73.09438799365999}, "Patv": {"mean": 427.4836396951968, "std": 480.51860404404476}}