{"Day": {"mean": 115.5, "std": 66.39465339920075}, "Tmstamp": {"mean": 71.5, "std": 41.56821702535083}, "Wspd": {"mean": 4.893267814009674, "std": 3.2076820194553872}, "Wdir": {"mean": 1.2595945048309152, "std": 32.51054924899717}, "Etmp": {"mean": 21.707635869565326, "std": 18.2044992337528}, "Itmp": {"mean": 24.444618357488103, "std": 17.519979869247543}, "Ndir": {"mean": 149.2193910024114, "std": 173.9285620775199}, "Pab1": {"mean": 29.02763405797434, "std": 37.395763652192606}, "Pab2": {"mean": 29.020776871983852, "std": 37.38844910410897}, "Pab3": {"mean": 29.02385295893983, "std": 37.39045857641819}, "Prtv": {"mean": -7.777411835748367, "std": 58.292704022309806}, "Patv": {"mean": 325.2526903831878, "std": 396.41186023975456}}