{"Day": {"mean": 115.5, "std": 66.39465339920075}, "Tmstamp": {"mean": 71.5, "std": 41.56821702535083}, "Wspd": {"mean": 4.941786835748738, "std": 3.3529611122501173}, "Wdir": {"mean": 0.7528695652173927, "std": 32.121161731866614}, "Etmp": {"mean": 19.46501207729472, "std": 32.97836485681299}, "Itmp": {"mean": 25.71417059178749, "std": 32.99227739129656}, "Ndir": {"mean": 180.06405797100405, "std": 159.760182871727}, "Pab1": {"mean": 27.489500301936488, "std": 38.83534043222569}, "Pab2": {"mean": 27.491006038651612, "std": 38.8370578919469}, "Pab3": {"mean": 27.486399456526094, "std": 38.83329963794568}, "Prtv": {"mean": -11.070002415457484, "std": 67.30752647377689}, "Patv": {"mean": 390.0344350415694, "std": 437.1594773327789}}