{"Day": {"mean": 115.5, "std": 66.39465339920075}, "Tmstamp": {"mean": 71.5, "std": 41.56821702535083}, "Wspd": {"mean": 5.237023852656949, "std": 3.395031187118685}, "Wdir": {"mean": 0.17393900966183307, "std": 31.523814158277784}, "Etmp": {"mean": 22.882737016908283, "std": 20.600630552493058}, "Itmp": {"mean": 27.71895018115996, "std": 19.801289718063657}, "Ndir": {"mean": 176.81882699275064, "std": 177.26982868063953}, "Pab1": {"mean": 25.14689764493192, "std": 37.742020440088595}, "Pab2": {"mean": 25.158659722226595, "std": 37.75318191232504}, "Pab3": {"mean": 24.953919987926955, "std": 37.652684048173334}, "Prtv": {"mean": -19.613475845411042, "std": 72.42091441659564}, "Patv": {"mean": 452.3869540622994, "std": 486.55136057239883}}