{"Day": {"mean": 115.5, "std": 66.39465339920075}, "Tmstamp": {"mean": 71.5, "std": 41.56821702535083}, "Wspd": {"mean": 5.138036835748783, "std": 3.473640090990235}, "Wdir": {"mean": -0.3412545289855035, "std": 31.33598062021348}, "Etmp": {"mean": 18.815055555555592, "std": 20.96064009915895}, "Itmp": {"mean": 28.41629076086969, "std": 20.558093877532073}, "Ndir": {"mean": 171.18497735507682, "std": 151.75211816671626}, "Pab1": {"mean": 26.284455917879434, "std": 38.45003872624176}, "Pab2": {"mean": 26.254093900971093, "std": 38.422231435913716}, "Pab3": {"mean": 26.286116243966216, "std": 38.45055774400405}, "Prtv": {"mean": -11.05340609903263, "std": 68.88576564328531}, "Patv": {"mean": 408.87363308472476, "std": 460.055580964489}}