{"Day": {"mean": 115.5, "std": 66.39465339920075}, "Tmstamp": {"mean": 71.5, "std": 41.56821702535083}, "Wspd": {"mean": 4.811910929951729, "std": 3.1221533534915884}, "Wdir": {"mean": 1.0872487922705334, "std": 30.643830040095445}, "Etmp": {"mean": 23.496607185990296, "std": 16.946868004754588}, "Itmp": {"mean": 28.35361080917903, "std": 16.167025953242128}, "Ndir": {"mean": 212.71518387682778, "std": 152.72168259697182}, "Pab1": {"mean": 25.29658937198513, "std": 38.052524976106234}, "Pab2": {"mean": 25.281943236719453, "std": 38.04443493377564}, "Pab3": {"mean": 25.28705797101876, "std": 38.04786632789749}, "Prtv": {"mean": -21.91926237922855, "std": 63.59054874541642}, "Patv": {"mean": 428.3354010024625, "std": 477.5558524149612}}