{"Day": {"mean": 115.5, "std": 66.39465339920075}, "Tmstamp": {"mean": 71.5, "std": 41.56821702535083}, "Wspd": {"mean": 5.228672403381632, "std": 3.366705436019351}, "Wdir": {"mean": 0.24910748792270346, "std": 29.010752116899788}, "Etmp": {"mean": 21.64286986714981, "std": 18.050750710129567}, "Itmp": {"mean": 28.770679347826025, "std": 18.02257816325977}, "Ndir": {"mean": 176.79846950482917, "std": 170.50139546209004}, "Pab1": {"mean": 23.853082125607894, "std": 36.97869518702785}, "Pab2": {"mean": 23.87865036232273, "std": 37.02158423699261}, "Pab3": {"mean": 23.87661262077684, "std": 37.01925994800528}, "Prtv": {"mean": -18.109082729468447, "std": 84.84972401338656}, "Patv": {"mean": 485.15042330367174, "std": 508.24023684569903}}