{"Day": {"mean": 115.5, "std": 66.39465339920075}, "Tmstamp": {"mean": 71.5, "std": 41.56821702535083}, "Wspd": {"mean": 4.733176328502449, "std": 3.1922679469676454}, "Wdir": {"mean": 1.4287122584541019, "std": 28.525456293890983}, "Etmp": {"mean": 21.863785929951746, "std": 18.19688214420258}, "Itmp": {"mean": 32.668097524154646, "std": 18.248287574369595}, "Ndir": {"mean": 211.79262137680757, "std": 144.9476050524739}, "Pab1": {"mean": 26.187485809183464, "std": 38.44833229342633}, "Pab2": {"mean": 26.187530193241525, "std": 38.44834051546548}, "Pab3": {"mean": 26.187733695656693, "std": 38.449483092427585}, "Prtv": {"mean": -11.146681763283828, "std": 67.31633767473313}, "Patv": {"mean": 403.05917944022156, "std": 458.12886699321916}}