{"Day": {"mean": 115.5, "std": 66.39465339920075}, "Tmstamp": {"mean": 71.5, "std": 41.56821702535083}, "Wspd": {"mean": 4.743146437198022, "std": 3.1167384573310555}, "Wdir": {"mean": 1.0217303743961372, "std": 31.074371368476783}, "Etmp": {"mean": 21.31033997584573, "std": 15.603492536638656}, "Itmp": {"mean": 34.74108997584485, "std": 13.981580543929747}, "Ndir": {"mean": 195.33658484298786, "std": 158.7421650754777}, "Pab1": {"mean": 26.504227958945275, "std": 38.04292969301181}, "Pab2": {"mean": 26.498074577302145, "std": 38.0346649627915}, "Pab3": {"mean": 26.49473128020122, "std": 38.02871753863193}, "Prtv": {"mean": -11.809609299515191, "std": 68.38017264861247}, "Patv": {"mean": 403.7476281690417, "std": 453.759868416966}}