{"Day": {"mean": 115.5, "std": 66.39465339920075}, "Tmstamp": {"mean": 71.5, "std": 41.56821702535083}, "Wspd": {"mean": 5.49547373188409, "std": 3.6091798232552135}, "Wdir": {"mean": 0.06436020531401301, "std": 30.257675144834742}, "Etmp": {"mean": 90.0644314613604, "std": 134.2779849774253}, "Itmp": {"mean": 30.712818236714714, "std": 15.02983051529233}, "Ndir": {"mean": 216.04966153382085, "std": 154.9698341409315}, "Pab1": {"mean": 23.393041968603363, "std": 37.00968236579306}, "Pab2": {"mean": 23.393246678748387, "std": 37.01022920649367}, "Pab3": {"mean": 23.392312198071945, "std": 37.00924191516965}, "Prtv": {"mean": -12.981844504829208, "std": 71.65301733784386}, "Patv": {"mean": 420.2446870288385, "std": 468.9237895667934}}