{"Day": {"mean": 115.5, "std": 66.39465339920075}, "Tmstamp": {"mean": 71.5, "std": 41.56821702535083}, "Wspd": {"mean": 5.308581219806765, "std": 3.417680588471674}, "Wdir": {"mean": 1.1758538647342853, "std": 30.556950373932363}, "Etmp": {"mean": 23.099376509661784, "std": 18.621744156806805}, "Itmp": {"mean": 27.178822463767887, "std": 17.408946332957537}, "Ndir": {"mean": 188.51715821256553, "std": 155.87776038676088}, "Pab1": {"mean": 24.628128925125257, "std": 37.464284741533554}, "Pab2": {"mean": 24.637328804352418, "std": 37.48115181729486}, "Pab3": {"mean": 24.62767904589884, "std": 37.46525301649388}, "Prtv": {"mean": -17.46118538647283, "std": 75.62806300952978}, "Patv": {"mean": 466.8878298387716, "std": 505.4518642529904}}