{"Day": {"mean": 115.5, "std": 66.39465339920075}, "Tmstamp": {"mean": 71.5, "std": 41.56821702535083}, "Wspd": {"mean": 5.059034722222161, "std": 3.3090034268260387}, "Wdir": {"mean": 0.5706319444444466, "std": 29.990133710975883}, "Etmp": {"mean": 21.29933816425116, "std": 18.31197504605481}, "Itmp": {"mean": 37.078883454106034, "std": 17.129795995713796}, "Ndir": {"mean": 173.1284269323607, "std": 168.83640653408096}, "Pab1": {"mean": 26.562076388893185, "std": 38.41397512141662}, "Pab2": {"mean": 26.56164643720246, "std": 38.41310642354528}, "Pab3": {"mean": 26.556299214980232, "std": 38.41283985588523}, "Prtv": {"mean": -12.746132548307486, "std": 74.26162552128625}, "Patv": {"mean": 440.78049205489543, "std": 485.34101313223977}}