{"Day": {"mean": 115.5, "std": 66.39465339920075}, "Tmstamp": {"mean": 71.5, "std": 41.56821702535083}, "Wspd": {"mean": 4.9015286835748535, "std": 3.384717094509614}, "Wdir": {"mean": 0.3752463768115979, "std": 30.988075509263336}, "Etmp": {"mean": 18.48841123188399, "std": 19.001815493130962}, "Itmp": {"mean": 25.85558242753636, "std": 18.736664835868023}, "Ndir": {"mean": 195.015303140104, "std": 161.69935635131748}, "Pab1": {"mean": 26.32304196860374, "std": 38.61209643006965}, "Pab2": {"mean": 26.324006642516853, "std": 38.61328431849818}, "Pab3": {"mean": 26.31949698068107, "std": 38.6109216362679}, "Prtv": {"mean": -10.772328804346474, "std": 66.40737948438984}, "Patv": {"mean": 394.58823367457245, "std": 455.4061205077503}}