{"Day": {"mean": 115.5, "std": 66.39465339920075}, "Tmstamp": {"mean": 71.5, "std": 41.56821702535083}, "Wspd": {"mean": 5.022662137681116, "std": 3.340013051675972}, "Wdir": {"mean": 0.8241745169082161, "std": 31.286504594204285}, "Etmp": {"mean": 23.38149758454127, "std": 15.857354130742296}, "Itmp": {"mean": 27.90591334541074, "std": 15.140101743857228}, "Ndir": {"mean": 139.08079891304365, "std": 174.94207447924057}, "Pab1": {"mean": 30.676409722228815, "std": 38.55427599861555}, "Pab2": {"mean": 30.670553442034382, "std": 38.55169742191792}, "Pab3": {"mean": 30.614573973436322, "std": 38.52319664095636}, "Prtv": {"mean": -10.470392814008587, "std": 52.77366337748258}, "Patv": {"mean": 331.3931888632769, "std": 387.60231294136946}}