{"Day": {"mean": 115.5, "std": 66.39465339920075}, "Tmstamp": {"mean": 71.5, "std": 41.56821702535083}, "Wspd": {"mean": 5.260703502415426, "std": 3.4284669527922516}, "Wdir": {"mean": 0.6376364734299574, "std": 30.738110141909036}, "Etmp": {"mean": 19.912739130434833, "std": 21.314485051212753}, "Itmp": {"mean": 28.952935990338066, "std": 21.71236478818396}, "Ndir": {"mean": 164.18105464976853, "std": 168.24461553389915}, "Pab1": {"mean": 24.18630042271004, "std": 37.42153302550876}, "Pab2": {"mean": 24.192801932371992, "std": 37.421735121429556}, "Pab3": {"mean": 24.189836956526072, "std": 37.41950313976158}, "Prtv": {"mean": -15.210305253621108, "std": 74.67113095188193}, "Patv": {"mean": 435.58316100975816, "std": 472.28641871099967}}