{"Day": {"mean": 115.5, "std": 66.39465339920075}, "Tmstamp": {"mean": 71.5, "std": 41.56821702535083}, "Wspd": {"mean": 5.209189915458971, "std": 3.5000263351555567}, "Wdir": {"mean": -0.005650362318841773, "std": 30.91236123796568}, "Etmp": {"mean": 22.20097433574869, "std": 19.22642163007487}, "Itmp": {"mean": 32.457667270530884, "std": 18.469594574412202}, "Ndir": {"mean": 165.93676207729933, "std": 190.19392158064525}, "Pab1": {"mean": 23.254577596622553, "std": 36.883352479616036}, "Pab2": {"mean": 23.254262077298936, "std": 36.882898587275626}, "Pab3": {"mean": 23.25388375604296, "std": 36.88244542215624}, "Prtv": {"mean": -11.544958937196501, "std": 67.79282298389623}, "Patv": {"mean": 395.8495840222474, "std": 453.2014887349443}}