{"Day": {"mean": 115.5, "std": 66.39465339920075}, "Tmstamp": {"mean": 71.5, "std": 41.56821702535083}, "Wspd": {"mean": 5.156647342995219, "std": 3.376412183176935}, "Wdir": {"mean": 0.7167454710144932, "std": 29.805962665741685}, "Etmp": {"mean": 23.169179347826567, "std": 14.964880356722684}, "Itmp": {"mean": 27.108987016908014, "std": 13.578932069376943}, "Ndir": {"mean": 198.41510507246176, "std": 156.96221204177365}, "Pab1": {"mean": 22.760350845414585, "std": 36.5036410897022}, "Pab2": {"mean": 22.602238224641717, "std": 36.38532829023179}, "Pab3": {"mean": 22.75913949275758, "std": 36.505323181941435}, "Prtv": {"mean": -13.811389794684832, "std": 74.36678357662538}, "Patv": {"mean": 438.0157678798543, "std": 481.2901480330039}}