{"Day": {"mean": 115.5, "std": 66.39465339920075}, "Tmstamp": {"mean": 71.5, "std": 41.56821702535083}, "Wspd": {"mean": 4.897959541062802, "std": 3.260187223744958}, "Wdir": {"mean": 0.6923423913043464, "std": 30.84679746190354}, "Etmp": {"mean": 21.852041364734262, "std": 17.19992751420953}, "Itmp": {"mean": 27.66512771739105, "std": 16.470549966637275}, "Ndir": {"mean": 184.27929649759622, "std": 163.14418054041715}, "Pab1": {"mean": 26.856775664255643, "std": 38.86246376358257}, "Pab2": {"mean": 26.85656702898991, "std": 38.86230019654476}, "Pab3": {"mean": 26.856430857492374, "std": 38.861914190853}, "Prtv": {"mean": -10.713701388887907, "std": 66.1205991849352}, "Patv": {"mean": 394.2860149073523, "std": 455.2612243730239}}