{"Day": {"mean": 115.5, "std": 66.39465339920075}, "Tmstamp": {"mean": 71.5, "std": 41.56821702535083}, "Wspd": {"mean": 4.6948644323671616, "std": 3.17380050942878}, "Wdir": {"mean": 0.9512744565217441, "std": 31.20145559636103}, "Etmp": {"mean": 20.109190821256025, "std": 40.31807731343633}, "Itmp": {"mean": 32.85048339371977, "std": 41.460564406780264}, "Ndir": {"mean": 168.8218354468637, "std": 168.58426182951868}, "Pab1": {"mean": 27.30707518116426, "std": 39.03420277631415}, "Pab2": {"mean": 27.3146684782656, "std": 39.037467233099896}, "Pab3": {"mean": 27.314673611115992, "std": 39.03694440177444}, "Prtv": {"mean": -17.34933454106185, "std": 59.93781882183153}, "Patv": {"mean": 390.17055492448304, "std": 453.576039661922}}