{"Day": {"mean": 115.5, "std": 66.39465339920075}, "Tmstamp": {"mean": 71.5, "std": 41.56821702535083}, "Wspd": {"mean": 4.4616681763284864, "std": 3.0797915436099013}, "Wdir": {"mean": 0.7410570652173889, "std": 31.570925804641846}, "Etmp": {"mean": 22.155048007246567, "std": 16.039201872494324}, "Itmp": {"mean": 24.583560990338245, "std": 15.47988271113528}, "Ndir": {"mean": 182.98122463769042, "std": 158.0069502219833}, "Pab1": {"mean": 28.164033514497348, "std": 39.14907948225444}, "Pab2": {"mean": 28.163117451695467, "std": 39.14807919274871}, "Pab3": {"mean": 28.16341576087415, "std": 39.1488012082991}, "Prtv": {"mean": -11.580731582124333, "std": 69.5818202379892}, "Patv": {"mean": 401.5696472699559, "std": 454.1844641355461}}